layer,head,head_label,d_t1_t6,d_t1_t5,spearman_r,spearman_p,f_stat,f_p,abs_d_t1_t6,abs_spearman,t1_mean,t6_mean,t1_t6_diff,composite,spearman_p_corrected,f_p_corrected
6,0,L06H00,1.4107768535614014,1.507838249206543,-0.365929548721565,1.1294061303130625e-33,129.1902313232422,0.0,1.4107768535614014,0.365929548721565,1.0787987,0.26276824,0.8160304,0.8883532011414832,4.33691954040216e-31,0.0
5,4,L05H04,1.352408528327942,1.4189374446868896,-0.28929536977673315,4.0853857917669676e-21,120.11112976074219,0.0,1.352408528327942,0.28929536977673315,0.3776789,0.16671206,0.21096684,0.8208519490523375,1.5687881440385156e-18,0.0
4,7,L04H07,1.1839476823806763,1.2213224172592163,-0.27339047528404953,6.078018525947132e-19,54.78268051147461,0.0,1.1839476823806763,0.27339047528404953,0.1955868,0.11076752,0.08481928,0.7286690788323629,2.3339591139636984e-16,0.0
0,9,L00H09,1.0977978706359863,0.8035054802894592,-0.32080004525534556,7.602628999287212e-26,30.055025100708008,1.5184309737684688e-28,1.0977978706359863,0.32080004525534556,0.84229386,0.4891178,0.35317606,0.7092989579456659,2.9194095357262893e-23,5.83077493927092e-26
7,6,L07H06,1.1678061485290527,1.3595858812332153,-0.22387532904219648,4.716068950450755e-13,101.40263366699219,0.0,1.1678061485290527,0.22387532904219648,0.3145642,0.074417576,0.24014662,0.6958407387856246,1.81097047697309e-10,0.0
7,10,L07H10,0.9918131828308105,1.3962682485580444,-0.22182391367142923,7.764436428486703e-13,62.097816467285156,0.0,0.9918131828308105,0.22182391367142923,0.64432025,0.22970074,0.4146195,0.6068185482511199,2.981543588538894e-10,0.0
8,7,L08H07,0.9873318672180176,1.3834505081176758,-0.18677918217025855,1.8448820049414928e-09,52.50990676879883,0.0,0.9873318672180176,0.18677918217025855,0.76932085,0.40263507,0.36668578,0.587055524694138,7.084346898975333e-07,0.0
2,1,L02H01,0.8433906435966492,0.9933735728263855,-0.321594509228013,5.676924849864311e-26,31.15890121459961,1.44593990353405e-29,0.8433906435966492,0.321594509228013,1.0716406,0.7447174,0.3269232,0.5824925764123311,2.1799391423478956e-23,5.552409229570752e-27
5,2,L05H02,0.8304716944694519,0.7940649390220642,-0.2992432390152285,1.5132466658693882e-22,23.20522117614746,4.066531013413237e-22,0.8304716944694519,0.2992432390152285,0.06837537,0.041237053,0.027138319,0.5648574667423402,5.810867196938451e-20,1.561547909150683e-19
8,4,L08H04,0.7344733476638794,1.1312906742095947,-0.3110042462809073,2.594248494503701e-24,45.17271041870117,3.569107188635309e-42,0.7344733476638794,0.3110042462809073,1.8949723,0.8777806,1.0171916,0.5227387969723933,9.961914218894213e-22,1.3705371604359587e-39
5,7,L05H07,0.7870579957962036,1.006874680519104,-0.24508900353173455,2.033062402418426e-15,54.60033416748047,0.0,0.7870579957962036,0.24508900353173455,0.054623146,0.027665464,0.026957681,0.5160734996639691,7.806959625286756e-13,0.0
9,7,L09H07,-0.8491820096969604,-0.12595057487487793,0.14630017857884156,2.7055917151211567e-06,22.581527709960938,1.5924307215541573e-21,0.8491820096969604,0.14630017857884156,0.089774944,0.4440602,-0.35428527,0.497741094137901,0.001038947218606524,6.114933970767964e-19
3,5,L03H05,0.82313072681427,0.21130536496639252,-0.1379844149282509,9.750373082802441e-06,17.925077438354492,4.623487983556971e-17,0.82313072681427,0.1379844149282509,0.37255,0.23362666,0.13892335,0.48055757087126044,0.0037441432637961374,1.7754193856858768e-14
6,1,L06H01,0.7427318692207336,0.8668298125267029,-0.20106297618980853,9.181596264679061e-11,18.938196182250977,4.8831197119123586e-18,0.7427318692207336,0.20106297618980853,0.14139947,0.07574558,0.06565389,0.4718974227052711,3.5257329656367596e-08,1.8751179693743457e-15
2,7,L02H07,0.7323305606842041,0.7673777937889099,-0.1646930564688653,1.2259474848238654e-07,20.712465286254883,9.679062006037747e-20,0.7323305606842041,0.1646930564688653,1.6316379,0.9784778,0.65316015,0.4485118085765347,4.707638341723643e-05,3.716759810318495e-17
2,11,L02H11,-0.6559814810752869,-0.6820050477981567,0.2409538869438924,6.130401845680062e-15,16.776540756225586,5.955818994994415e-16,0.6559814810752869,0.2409538869438924,0.2922319,0.42991382,-0.13768193,0.44846768400958964,2.354074308741144e-12,2.2870344940778553e-13
7,0,L07H00,0.7374655604362488,1.1558226346969604,-0.15008855209720112,1.4729981089650096e-06,53.59178161621094,0.0,0.7374655604362488,0.15008855209720112,0.45397168,0.2963199,0.15765178,0.4437770562667249,0.0005656312738425637,0.0
8,8,L08H08,-0.8038331270217896,-0.3030005693435669,0.07670135063079886,0.014275656229193578,4.421392440795898,0.0005466124275699258,0.8038331270217896,0.07670135063079886,0.00013994925,0.0005154883,-0.00037553906,0.4402672388262942,1.0,0.2098991721868515
4,4,L04H04,0.6884521245956421,0.9843149781227112,-0.17980056310859088,7.359189123925688e-09,39.56072235107422,3.3291694667177223e-37,0.6884521245956421,0.17980056310859088,0.46708468,0.2862132,0.18087149,0.43412634385211646,2.825928623587464e-06,1.2784010752196054e-34
7,5,L07H05,0.6355790495872498,1.015345811843872,-0.21397035094622052,5.005774909449754e-12,29.897676467895508,2.124711914702248e-28,0.6355790495872498,0.21397035094622052,0.77024823,0.41230136,0.35794687,0.42477470026673514,1.9222175652287053e-09,8.158893752456632e-26
4,0,L04H00,0.6627453565597534,0.9177775979042053,-0.16236327649009524,1.850701629791531e-07,30.565765380859375,5.109462049803956e-29,0.6627453565597534,0.16236327649009524,0.17478509,0.12059873,0.05418636,0.41255431652492436,7.10669425839948e-05,1.962033427124719e-26
2,10,L02H10,0.6255205273628235,0.6245949268341064,-0.18897736255357134,1.1799641721505315e-09,11.171588897705078,1.6907683586531164e-10,0.6255205273628235,0.18897736255357134,1.226721,0.93095237,0.29576868,0.4072489449581974,4.531062421058041e-07,6.492550497227967e-08
9,6,L09H06,0.5085861086845398,0.8522665500640869,-0.30145606148473597,7.141741330946641e-23,29.950119018554688,1.8996004357468964e-28,0.5085861086845398,0.30145606148473597,0.10605737,0.04232286,0.06373451,0.40502108508463786,2.7424286710835104e-20,7.294465673268082e-26
3,11,L03H11,0.648274302482605,0.5138069987297058,-0.15720461663680388,4.5124410923259073e-07,13.186530113220215,1.8311931831993533e-12,0.648274302482605,0.15720461663680388,0.73789454,0.43557262,0.3023219,0.4027394595597044,0.00017327773794531483,7.031781823485517e-10
4,3,L04H03,0.5390597581863403,0.6496943235397339,-0.24255158993481019,4.011835022755139e-15,14.493087768554688,9.786853131295986e-14,0.5390597581863403,0.24255158993481019,0.3259363,0.19559194,0.13034435,0.39080567406057526,1.5405446487379733e-12,3.7581516024176587e-11
6,11,L06H11,0.5290024876594543,0.9169323444366455,-0.20262851237817897,6.517127208312899e-11,24.919103622436523,9.69381704847344e-24,0.5290024876594543,0.20262851237817897,0.2482995,0.18754847,0.06075102,0.3658155000188167,2.5025768479921533e-08,3.722425746613801e-21
5,5,L05H05,0.5627061128616333,0.6564181447029114,-0.14765154156701335,2.181825724189086e-06,15.878434181213379,4.4165847940132695e-15,0.5627061128616333,0.14765154156701335,0.56441563,0.41245422,0.15196142,0.3551788272143233,0.000837821078088609,1.6959685609010955e-12
8,6,L08H06,-0.4946357011795044,-0.7040451169013977,0.18644288654395702,1.9745067677411115e-09,17.01410484313965,3.508223061487732e-16,0.4946357011795044,0.18644288654395702,0.010860379,0.03413492,-0.02327454,0.3405392938617307,7.582105988125868e-07,1.347157655611289e-13
3,7,L03H07,0.5342144966125488,0.7020700573921204,-0.13722991854533198,1.0914154130302116e-05,10.417590141296387,9.199970785189748e-10,0.5342144966125488,0.13722991854533198,0.5740386,0.46309298,0.11094564,0.3357222075789404,0.004191035186036012,3.5327887815128634e-07
3,6,L03H06,0.4691779911518097,1.0233713388442993,-0.195747373091658,2.8801452437330906e-10,17.420013427734375,1.4212476995054233e-16,0.4691779911518097,0.195747373091658,0.46649987,0.37339088,0.09310898,0.33246268212173385,1.1059757735935068e-07,5.457591166100825e-14
6,2,L06H02,-0.5430271029472351,-0.017219040542840958,0.11310840324471962,0.00029507643424030454,16.305662155151367,1.701890043721507e-15,0.5430271029472351,0.11310840324471962,0.122817524,0.24941525,-0.12659773,0.32806775309597735,0.11330935074827694,6.535257767890587e-13
0,11,L00H11,0.5187123417854309,0.640371561050415,-0.13715778269531848,1.1032107209124933e-05,19.003286361694336,4.2273611143726764e-18,0.5187123417854309,0.13715778269531848,2.0183487,1.3656946,0.65265405,0.3279350622403747,0.0042363291683039745,1.6233066679191077e-15
6,7,L06H07,0.49631646275520325,0.7770234942436218,-0.15824960871155155,3.775696518639342e-07,17.797452926635742,6.139668687336043e-17,0.49631646275520325,0.15824960871155155,0.34045082,0.26878977,0.071661055,0.3272830357333774,0.00014498674631575073,2.3576327759370404e-14
0,7,L00H07,0.523747980594635,0.18180567026138306,-0.12580229517382774,5.6040209726795296e-05,6.4558000564575195,6.441281584557146e-06,0.523747980594635,0.12580229517382774,0.7244338,0.5914907,0.1329431,0.3247751378842314,0.021519440535089394,0.002473452128469944
8,2,L08H02,-0.4843010902404785,-0.1061653345823288,0.11601833445462748,0.00020454900232653656,13.97827434539795,3.1014719872185514e-13,0.4843010902404785,0.11601833445462748,0.0005130596,0.001259687,-0.0007466274,0.300159712347553,0.07854681689339003,1.1909652430919238e-10
4,5,L04H05,0.4125029444694519,0.4604478180408478,-0.17776907253391236,1.0898740517970556e-08,8.963767051696777,2.4031269418856027e-08,0.4125029444694519,0.17776907253391236,0.066101834,0.047936738,0.018165097,0.29513600850168215,4.1851163589006936e-06,9.228007456840714e-06
1,0,L01H00,-0.3981657028198242,-0.9865038394927979,0.17103512872145862,3.879009017285854e-08,19.92583656311035,5.491498024350463e-19,0.3981657028198242,0.17103512872145862,0.35949185,0.4403937,-0.08090183,0.28460041577064144,1.489539462637768e-05,2.1087352413505777e-16
2,0,L02H00,0.42875802516937256,0.21809782087802887,-0.13749993718354145,1.0483217372265076e-05,3.8864855766296387,0.0017066234722733498,0.42875802516937256,0.13749993718354145,0.29954255,0.23391035,0.065632194,0.283128981176457,0.00402555547094979,0.6553434133529663
10,9,L10H09,-0.3939577341079712,0.06982140988111496,0.17184909161493087,3.33591055438077e-08,11.560429573059082,7.05745670237512e-11,0.3939577341079712,0.17184909161493087,0.099473916,0.18723613,-0.087762214,0.28290341286145104,1.2809896528822156e-05,2.710063373712046e-08
7,11,L07H11,0.36814871430397034,0.9061270356178284,-0.18861863591979142,1.269706299103676e-09,15.734447479248047,6.091963024123072e-15,0.36814871430397034,0.18861863591979142,0.19764674,0.15162823,0.04601851,0.2783836751118809,4.875672188558116e-07,2.3393138012632597e-12
9,10,L09H10,0.3928726315498352,0.5454283356666565,-0.16050628029680983,2.559149361009256e-07,12.095002174377441,2.1236200298258012e-11,0.3928726315498352,0.16050628029680983,0.09250099,0.06108424,0.03141675,0.2766894559233225,9.827133546275543e-05,8.154700914531077e-09
7,9,L07H09,0.35091084241867065,0.75966477394104,-0.19847097416342385,1.6096965589036936e-10,15.81973648071289,5.0352314006664456e-15,0.35091084241867065,0.19847097416342385,0.3681387,0.23597033,0.13216837,0.27469090829104725,6.181234786190183e-08,1.933528857855915e-12
9,2,L09H02,0.3081648647785187,0.3399549722671509,-0.2308790115524444,8.283644797807223e-14,8.924704551696777,2.622985562084068e-08,0.3081648647785187,0.2308790115524444,4.4363387e-06,5.1119747e-07,3.9251413e-06,0.26952193816548153,3.180919602357973e-11,1.0072264558402821e-05
1,1,L01H01,-0.3213743567466736,-1.5736470222473145,0.21738313689653685,2.2468092653150747e-12,61.104427337646484,0.0,0.3213743567466736,0.21738313689653685,0.12574077,0.17268057,-0.046939805,0.26937874682160523,8.627747578809887e-10,0.0
6,9,L06H09,0.4007701873779297,0.8985528945922852,-0.13331803003792775,1.9399067972973287e-05,30.245899200439453,1.010450099049322e-28,0.4007701873779297,0.13331803003792775,0.06169442,0.046034105,0.015660316,0.2670441087079287,0.007449242101621742,3.8801283803493965e-26
9,8,L09H08,0.3159618377685547,0.8770136833190918,-0.21750148908864672,2.1847235316181243e-12,14.658294677734375,6.760652422003327e-14,0.3159618377685547,0.21750148908864672,0.33340704,0.24774893,0.08565812,0.2667316634286007,8.389338361413597e-10,2.5960905300492776e-11
8,10,L08H10,-0.4759070575237274,-0.1283009797334671,0.05421759771315206,0.0835015252097842,9.705320358276367,4.554156163294465e-09,0.4759070575237274,0.05421759771315206,0.26514557,0.38394076,-0.11879519,0.26506232761843973,1.0,1.7487959667050745e-06
0,0,L00H00,0.4699966311454773,-0.17049384117126465,-0.05032520706280935,0.10820684406560052,27.060043334960938,9.39325830722297e-26,0.4699966311454773,0.05032520706280935,0.48953974,0.34923387,0.14030588,0.2601609191041433,1.0,3.6070111899736205e-23
8,5,L08H05,0.3017077147960663,0.655394971370697,-0.2025548626638113,6.623480890077223e-11,17.153125762939453,2.5741940071989026e-16,0.3017077147960663,0.2025548626638113,0.24183281,0.13149707,0.11033574,0.2521312887299388,2.5434166617896537e-08,9.884904987643786e-14
5,3,L05H03,0.36949390172958374,1.2222281694412231,-0.12782013957158653,4.2390979077837846e-05,49.97560119628906,0.0,0.36949390172958374,0.12782013957158653,0.3788871,0.31488127,0.06400582,0.24865702065058515,0.016278135965889732,0.0
1,2,L01H02,-0.4072657525539398,-0.606185257434845,0.0853304018411281,0.006393868547427131,10.204574584960938,1.4844930840141046e-09,0.4072657525539398,0.0853304018411281,0.93019915,1.0286224,-0.09842324,0.24629807719753397,1.0,5.700453442614162e-07
9,4,L09H04,-0.4823550283908844,-0.1676865965127945,-0.00410316080620308,0.8958668235839128,8.453716278076172,7.531310330932683e-08,0.4823550283908844,0.00410316080620308,0.0012500966,0.0029136061,-0.0016635095,0.24322909459854375,1.0,2.8920231670781504e-05
7,4,L07H04,0.2758427560329437,0.8082591891288757,-0.20954961572587213,1.3851173057886504e-11,12.655720710754395,6.028159742210715e-12,0.2758427560329437,0.20954961572587213,0.5440749,0.40971896,0.13435593,0.24269618587940794,5.318850454228417e-09,2.3148133410089144e-09
0,5,L00H05,0.361855149269104,0.6728671789169312,-0.1202693099793765,0.00011794057287238141,16.39217185974121,1.4031972156411973e-15,0.361855149269104,0.1202693099793765,1.4214296,1.175781,0.24564862,0.24106222962424026,0.04528917998299446,5.388277308062198e-13
3,9,L03H09,-0.37777435779571533,-0.5592408776283264,0.09496925915017895,0.0023956409741340092,7.874032497406006,2.7518129286363546e-07,0.37777435779571533,0.09496925915017895,0.38791862,0.47958818,-0.09166956,0.23637180847294714,0.9199261340674596,0.00010566961645963602
0,3,L00H03,0.40670573711395264,0.610284149646759,-0.0647854426334465,0.038572597913037555,24.321805953979492,3.555951773452738e-23,0.40670573711395264,0.0647854426334465,1.1536627,0.9496819,0.2039808,0.23574558987369956,1.0,1.3654854810058513e-20
11,8,L11H08,-0.3131679892539978,-0.18109115958213806,0.13868142379193768,8.78123569385416e-06,5.766655445098877,2.9414975870167837e-05,0.3131679892539978,0.13868142379193768,0.0,0.04481849,-0.04481849,0.22592470652296776,0.0033719945064399973,0.01129535073414445
7,2,L07H02,0.35771796107292175,0.8484296202659607,-0.0932740760744162,0.0028657329300948967,14.767647743225098,5.2926826604130645e-14,0.35771796107292175,0.0932740760744162,0.85412866,0.62512755,0.2290011,0.22549601857366897,1.0,2.0323901415986168e-11
1,6,L01H06,0.3671058416366577,-0.02458048239350319,-0.06334858222956899,0.04309969697150491,4.683302402496338,0.0003112380509264767,0.3671058416366577,0.06334858222956899,0.2564783,0.21819602,0.03828229,0.21522721193311334,1.0,0.11951541155576706
9,1,L09H01,0.387143075466156,1.5519390106201172,-0.022558903301583194,0.47172096755432047,124.34723663330078,0.0,0.387143075466156,0.022558903301583194,0.6616783,0.51722383,0.14445448,0.20485098938386959,1.0,0.0
9,11,L09H11,0.28361400961875916,0.6557521224021912,-0.11094628995511563,0.00038528949228682917,27.54194450378418,3.3238786745467506e-26,0.28361400961875916,0.11094628995511563,0.09381448,0.07115892,0.022655554,0.1972801497869374,0.1479511650381424,1.2763694110259522e-23
6,10,L06H10,0.307041198015213,0.06773325800895691,-0.08561114525789656,0.006221517492711409,6.7480058670043945,3.372542323631933e-06,0.307041198015213,0.08561114525789656,0.13979481,0.118543826,0.021250986,0.1963261716365548,1.0,0.0012950562522746623
0,10,L00H10,0.2839382588863373,0.6379973292350769,-0.09717913902842269,0.0018886600499168574,20.347089767456055,2.1665186316683294e-19,0.2839382588863373,0.09717913902842269,1.1981122,1.0623072,0.13580501,0.19055869895737998,0.7252454591680733,8.319431545606385e-17
8,0,L08H00,0.25573012232780457,0.42742422223091125,-0.11804285871583767,0.00015772412497268718,5.26829195022583,8.751947461860254e-05,0.25573012232780457,0.11804285871583767,0.13686769,0.103392534,0.033475153,0.1868864905218211,0.06056606398951188,0.03360747825354338
7,8,L07H08,0.2154322862625122,1.1551532745361328,-0.15017628484072515,1.4521426754480679e-06,26.003711700439453,9.214609292100643e-25,0.2154322862625122,0.15017628484072515,0.96348435,0.87300956,0.090474784,0.18280428555161868,0.0005576227873720581,3.538409968166647e-22
5,9,L05H09,0.24083039164543152,0.6135266423225403,-0.12374740932583832,7.414759289847305e-05,8.615008354187012,5.248980983196816e-08,0.24083039164543152,0.12374740932583832,0.03580657,0.029847112,0.0059594586,0.18228890048563492,0.028472675673013655,2.0156086975475773e-05
0,6,L00H06,0.33525538444519043,-0.37101683020591736,-0.020249594195916352,0.5182836200595518,12.09912395477295,2.1040490530421785e-11,0.33525538444519043,0.020249594195916352,0.36344302,0.31177574,0.051667273,0.1777524893205534,1.0,8.079548363681965e-09
9,5,L09H05,0.13231422007083893,0.5700168609619141,-0.22214255586335785,7.188138594986791e-13,9.040672302246094,2.0226211816520845e-08,0.13231422007083893,0.22214255586335785,0.13195258,0.09970095,0.032251634,0.1772283879670984,2.760245220474928e-10,7.766865337544004e-06
0,2,L00H02,0.33296942710876465,0.14550790190696716,-0.009588167525467648,0.7597165261909347,8.693005561828613,4.407814202522786e-08,0.33296942710876465,0.009588167525467648,0.43113834,0.33462518,0.09651315,0.17127879731711615,1.0,1.69260065376875e-05
2,3,L02H03,-0.32206204533576965,0.4616726040840149,-0.01664672007766681,0.595392102979174,13.481253623962402,9.453011290405655e-13,0.32206204533576965,0.01664672007766681,1.3193583,1.5363997,-0.21704137,0.16935438270671824,1.0,3.6299563355157716e-10
7,3,L07H03,0.26360005140304565,0.8626055121421814,-0.06757435648920604,0.030929964774580293,27.261796951293945,6.079029928367159e-26,0.26360005140304565,0.06757435648920604,0.14547157,0.12055313,0.024918444,0.16558720394612586,1.0,2.3343474924929892e-23
8,11,L08H11,0.2991810142993927,0.3772110939025879,-0.02332510158002756,0.45679673894809847,7.620904445648193,4.840613883061451e-07,0.2991810142993927,0.02332510158002756,0.018664625,0.009216343,0.0094482815,0.16125305793971012,1.0,0.00018587957310955971
0,8,L00H08,-0.1677727997303009,-0.8156168460845947,0.1488037589225942,1.8133857525038854e-06,27.872602462768555,1.6312466391588515e-26,0.1677727997303009,0.1488037589225942,0.33922508,0.3819843,-0.04275921,0.15828827932644757,0.000696340128961492,6.2639870943699896e-24
11,6,L11H06,0.21953603625297546,0.4938928186893463,-0.0905747987365485,0.0037899838373069788,6.361754894256592,7.929783350846265e-06,0.21953603625297546,0.0905747987365485,0.1697024,0.101299666,0.06840273,0.15505541749476198,1.0,0.0030450368067249656
0,1,L00H01,0.15534698963165283,0.3759205639362335,-0.1530772984655596,9.020803373058454e-07,7.0962629318237305,1.5566423599011614e-06,0.15534698963165283,0.1530772984655596,1.0282991,0.9422923,0.08600682,0.15421214404860623,0.00034639884952544466,0.000597750666202046
3,0,L03H00,0.187181293964386,-0.707007110118866,0.1159148629365617,0.00020726184645667898,37.724998474121094,1.4817591298329018e-35,0.187181293964386,0.1159148629365617,0.5616849,0.5287869,0.03289801,0.15154807845047386,0.07958854903936473,5.689955058558343e-33
4,10,L04H10,0.1691775918006897,0.018781296908855438,-0.12997838253821895,3.130471373481363e-05,10.838115692138672,3.576753893064222e-10,0.1691775918006897,0.12997838253821895,0.005442862,0.0041417037,0.0013011582,0.1495779871694543,0.012021010074168434,1.3734734949366612e-07
1,5,L01H05,-0.24698369204998016,-0.24302776157855988,0.044011404720528995,0.16014959462384706,4.116059303283691,0.00104915676638484,0.24698369204998016,0.044011404720528995,0.83662736,0.9494074,-0.112780035,0.14549754838525458,1.0,0.40287619829177856
9,3,L09H03,0.19540391862392426,0.7854831218719482,-0.08882604956128475,0.004525354034946429,14.404519081115723,1.1934131796936115e-13,0.19540391862392426,0.08882604956128475,1.5543764,1.3567885,0.19758785,0.1421149840926045,1.0,4.582706610023468e-11
9,9,L09H09,-0.2287253737449646,0.11965742707252502,0.05432105109121062,0.08291305044446083,6.391809463500977,7.42020210964256e-06,0.2287253737449646,0.05432105109121062,0.00013130868,0.0004419232,-0.00031061453,0.1415232124180876,1.0,0.002849357610102743
5,11,L05H11,0.16306674480438232,1.0998777151107788,-0.11219208792610028,0.00033058385727559954,23.888233184814453,9.149808313041263e-23,0.16306674480438232,0.11219208792610028,0.9915131,0.9265268,0.06498629,0.13762941636524129,0.1269442011938302,3.513526392207845e-20
2,8,L02H08,0.1610213667154312,0.4441791772842407,-0.1107493787010401,0.00039467295584057595,5.469944477081299,5.635108391288668e-05,0.1610213667154312,0.1107493787010401,0.84811634,0.7865913,0.061525047,0.13588537270823564,0.15155441504278117,0.021638816222548485
6,4,L06H04,0.26197779178619385,0.9154844880104065,0.007616140004905824,0.8080477935163927,43.970848083496094,4.0564787945274805e-41,0.26197779178619385,0.007616140004905824,0.18650657,0.16409662,0.022409946,0.13479696589554985,1.0,1.5576878570985525e-38
8,1,L08H01,0.16491913795471191,0.2285299152135849,-0.10411415207371855,0.0008680981344570236,6.7834296226501465,3.1177696655504405e-06,0.16491913795471191,0.10411415207371855,0.3390155,0.26278177,0.076233745,0.13451664501421523,0.3333496836314971,0.0011972235515713692
4,11,L04H11,0.16295184195041656,0.2936725914478302,-0.10145852768645945,0.0011756271033624992,6.430680274963379,6.809206752222963e-06,0.16295184195041656,0.10145852768645945,0.17785878,0.15733297,0.020525813,0.13220518481843802,0.45144080769119965,0.0026147353928536177
8,3,L08H03,-0.1407567709684372,0.4391569197177887,-0.11728375505316523,0.00017395642164820915,1.1807817220687866,0.3165217638015747,0.1407567709684372,0.11728375505316523,1.5903921e-05,0.00011662736,-0.00010072344,0.12902026301080122,0.06679926591291231,1.0
6,8,L06H08,0.21353530883789062,0.6065637469291687,-0.042691520977949,0.1730694304992517,11.968151092529297,2.823778016969314e-11,0.21353530883789062,0.042691520977949,0.17395344,0.15206905,0.021884397,0.1281134149079198,1.0,1.0843307585162165e-08
4,2,L04H02,0.17541706562042236,0.3093852996826172,-0.07948353071490757,0.011104080355490655,1.8257615566253662,0.10508789122104645,0.17541706562042236,0.07948353071490757,0.61395454,0.53073347,0.08322108,0.12745029816766495,1.0,1.0
3,3,L03H03,0.1678280383348465,0.05089224502444267,-0.08490441293834536,0.006663587383058713,2.1414856910705566,0.058396559208631516,0.1678280383348465,0.08490441293834536,1.0137566,1.0081937,0.0055629015,0.12636622563659594,1.0,1.0
8,9,L08H09,-0.23243196308612823,0.39134496450424194,0.0004981246899571428,0.9873226897786727,11.662692070007324,5.608721473371325e-11,0.23243196308612823,0.0004981246899571428,0.15872814,0.22235295,-0.063624814,0.11646504388804269,1.0,2.153749045774589e-08
11,5,L11H05,0.1918293833732605,0.2522418200969696,-0.040836757452473775,0.19251814848568,1.2915606498718262,0.2651335895061493,0.1918293833732605,0.040836757452473775,0.013637955,0.004903351,0.008734604,0.11633307041286714,1.0,1.0
6,3,L06H03,-0.20741519331932068,0.4824830889701843,-0.013397699798200715,0.6691005838102269,9.669466018676758,4.935800212990671e-09,0.20741519331932068,0.013397699798200715,1.0775185,1.2068592,-0.12934077,0.1104064465587607,1.0,1.8953472817884176e-06
10,5,L10H05,0.197603240609169,0.5048612356185913,0.022393187967504682,0.4749837611008758,14.637173652648926,7.088019814095389e-14,0.197603240609169,0.022393187967504682,0.6319734,0.53458375,0.09738964,0.10999821428833684,1.0,2.7217996086126295e-11
0,4,L00H04,-0.14109741151332855,-0.3699100911617279,0.07540690381974433,0.0160059194359849,4.285922527313232,0.0007304534665308893,0.14109741151332855,0.07540690381974433,0.9841513,1.0288072,-0.04465586,0.10825215766653644,1.0,0.2804941311478615
11,0,L11H00,-0.1343774050474167,-0.057456571608781815,0.08162889093596161,0.009102650791212336,0.8712271451950073,0.4997575581073761,0.1343774050474167,0.08162889093596161,0.036442034,0.060356364,-0.02391433,0.10800314799168914,1.0,1.0
6,5,L06H05,0.11138837039470673,1.1411054134368896,-0.10455450315177248,0.0008249694827638688,24.995033264160156,8.219059729963579e-24,0.11138837039470673,0.10455450315177248,0.72393996,0.69370115,0.030238807,0.1079714367732396,0.3167882813813256,3.1561189363060143e-21
11,3,L11H03,0.1218329668045044,0.03976432606577873,-0.09185670630829867,0.003321739368231177,0.8005942106246948,0.5492727160453796,0.1218329668045044,0.09185670630829867,0.005374139,0.0017875226,0.0035866166,0.10684483655640153,1.0,1.0
9,0,L09H00,-0.09949285537004471,-0.3621588349342346,-0.11322441574763105,0.0002908444253441594,9.057246208190918,1.9488529900968388e-08,0.09949285537004471,0.11322441574763105,0.012986724,0.016395537,-0.003408813,0.10635863555883787,0.11168425933215723,7.483595481971861e-06
1,8,L01H08,0.20203018188476562,0.14986279606819153,0.004408061564677176,0.888177846256683,2.1323511600494385,0.05941707268357277,0.20203018188476562,0.004408061564677176,0.22044821,0.18975292,0.03069529,0.1032191217247214,1.0,1.0
1,11,L01H11,0.17350904643535614,-0.10384551435709,-0.02562953456739618,0.41354431688691584,1.6949726343154907,0.13301637768745422,0.17350904643535614,0.02562953456739618,0.45172685,0.412858,0.038868845,0.09956929050137617,1.0,1.0
2,2,L02H02,-0.18365921080112457,-0.08601361513137817,0.011961814189735227,0.7027766882687447,1.7686492204666138,0.11655104905366898,0.18365921080112457,0.011961814189735227,0.46420118,0.5110038,-0.04680261,0.0978105124954299,1.0,1.0
5,1,L05H01,-0.12924589216709137,-0.16246674954891205,0.05748026497628358,0.06649994403758858,4.394728183746338,0.0005787572008557618,0.12924589216709137,0.05748026497628358,0.2883925,0.30587694,-0.017484426,0.09336307857168748,1.0,0.22224276512861252
5,6,L05H06,-0.03683032467961311,0.6159115433692932,-0.1445653368757627,3.5563285514046358e-06,9.282060623168945,1.1772020691580565e-08,0.03683032467961311,0.1445653368757627,0.008782615,0.009059717,-0.000277102,0.09069783077768791,0.0013656301637393802,4.520455945566937e-06
3,1,L03H01,0.06783407926559448,0.3103788197040558,-0.10634424184758622,0.000669316494118647,3.7275185585021973,0.0023852705489844084,0.06783407926559448,0.10634424184758622,0.533503,0.50273013,0.030772865,0.08708916055659036,0.25701753374156044,0.9159438908100128
2,9,L02H09,0.08347007632255554,-1.0615882873535156,0.08204238999679617,0.00875614392901792,32.848018646240234,4.031333896060278e-31,0.08347007632255554,0.08204238999679617,0.22587824,0.21325922,0.012619019,0.08275623315967585,1.0,1.5480322160871468e-28
4,8,L04H08,0.11575978994369507,0.08067669719457626,-0.04728382004781758,0.13126900093121213,1.5922116041183472,0.15947888791561127,0.11575978994369507,0.04728382004781758,0.100767426,0.08811012,0.012657307,0.08152180499575633,1.0,1.0
3,4,L03H04,-0.07799459993839264,0.531230628490448,-0.07895323714494984,0.011655353463065168,8.045121192932129,1.8778791854856536e-07,0.07799459993839264,0.07895323714494984,1.1179771,1.1460663,-0.028089166,0.07847391854167124,1.0,7.21105607226491e-05
4,6,L04H06,-0.14913125336170197,0.012717652134597301,-0.0006355719934847329,0.9838250725130698,2.188478708267212,0.05340221896767616,0.14913125336170197,0.0006355719934847329,0.03078206,0.041565504,-0.010783443,0.07488341267759335,1.0,1.0
3,8,L03H08,0.06235634535551071,0.7932556867599487,-0.08278226611461093,0.00816540056187447,17.727523803710938,7.172226334585167e-17,0.06235634535551071,0.08278226611461093,0.5988834,0.58174115,0.017142236,0.07256930573506082,1.0,2.754134912480704e-14
2,6,L02H06,0.09534528851509094,0.3395412862300873,-0.047899895879059504,0.1263135952929982,4.835117816925049,0.000224224291741848,0.09534528851509094,0.047899895879059504,1.327449,1.2730031,0.054445863,0.07162259219707523,1.0,0.08610212802886963
5,8,L05H08,0.0056006768718361855,0.7660520076751709,-0.11797657207576734,0.00015908274756282345,18.4666748046875,1.3890824174268292e-17,0.0056006768718361855,0.11797657207576734,2.146305,2.1411433,0.0051617622,0.06178862447380176,0.0610877750641242,5.334076482919024e-15
11,9,L11H09,0.07590416818857193,0.21806809306144714,0.04683117794711119,0.13500476092310526,2.3017826080322266,0.04296833649277687,0.07590416818857193,0.04683117794711119,0.015997157,0.009061408,0.0069357483,0.06136767306784156,1.0,1.0
1,7,L01H07,-0.05056577920913696,-0.31506243348121643,0.07156422638416855,0.022271421883733315,5.594723224639893,4.2885203583864495e-05,0.05056577920913696,0.07156422638416855,0.5437714,0.5587021,-0.014930725,0.06106500279665276,1.0,0.016467918176203966
1,3,L01H03,-0.04635545238852501,-0.17491278052330017,0.07364738173693075,0.018651711230474894,5.710925102233887,3.3241696655750275e-05,0.04635545238852501,0.07364738173693075,0.41426444,0.42387086,-0.009606421,0.06000141706272788,1.0,0.012764811515808105
1,4,L01H04,0.061237797141075134,-0.6246176362037659,0.055037407328985696,0.0789296940027632,13.62722110748291,6.813797573043678e-13,0.061237797141075134,0.055037407328985696,0.14201537,0.13614325,0.0058721155,0.058137602235030415,1.0,2.6164982680487725e-10
2,5,L02H05,-0.018210435286164284,-0.8937361240386963,0.09741114226932474,0.0018415859474230035,20.6735897064209,1.054500249263742e-19,0.018210435286164284,0.09741114226932474,0.3098313,0.31383836,-0.0040070713,0.05781078877774451,0.7071690038104333,4.049280957172769e-17
5,0,L05H00,-0.10178598016500473,0.19357095658779144,0.003940155870063057,0.8999815339230839,3.9364566802978516,0.0015355796786025167,0.10178598016500473,0.003940155870063057,0.056061275,0.060521167,-0.0044598915,0.05286306801753389,1.0,0.5896625965833664
7,1,L07H01,0.031262896955013275,0.7712969779968262,-0.06854428504684659,0.02859541814502938,20.856542587280273,7.04620427741828e-20,0.031262896955013275,0.06854428504684659,0.10970788,0.106242664,0.0034652129,0.049903591000929934,1.0,2.7057424425286195e-17
11,11,L11H11,-0.07342758774757385,0.38911089301109314,0.023722459288484626,0.4491624448256384,9.790398597717285,3.762434364062983e-09,0.07342758774757385,0.023722459288484626,0.06327831,0.071295686,-0.008017376,0.04857502351802924,1.0,1.4447747958001855e-06
3,10,L03H10,-0.08167778700590134,0.01678512804210186,0.008906779882865035,0.7763210460109438,4.182712078094482,0.0009103849879465997,0.08167778700590134,0.008906779882865035,0.6872,0.7139231,-0.026723087,0.045292283444383186,1.0,0.3495878353714943
4,9,L04H09,0.08346061408519745,-0.027466455474495888,-0.006973744515954952,0.8239611447948489,1.3022717237472534,0.2605471611022949,0.08346061408519745,0.006973744515954952,0.65711147,0.6249091,0.032202363,0.0452171793005762,1.0,1.0
11,7,L11H07,-0.06389109045267105,0.05807404965162277,0.025042728932572374,0.4243221776351582,1.1014270782470703,0.35790741443634033,0.06389109045267105,0.025042728932572374,0.014707931,0.022777066,-0.008069134,0.04446690969262171,1.0,1.0
11,1,L11H01,0.0,-0.2942257225513458,0.08671326832569265,0.005584579549349513,4.420410633087158,0.0005477641243487597,0.0,0.08671326832569265,0.0,0.0,0.0,0.043356634162846325,1.0,0.2103414237499237
10,2,L10H02,0.01425342820584774,0.3751716911792755,-0.06307434995902006,0.04401281906869637,4.263485908508301,0.0007663096184842288,0.01425342820584774,0.06307434995902006,0.059764903,0.057023484,0.0027414188,0.0386638890824339,1.0,0.2942628934979439
6,6,L06H06,0.044470421969890594,0.10791730880737305,-0.025269832276939,0.4201316524008619,1.8874236345291138,0.09387847036123276,0.044470421969890594,0.025269832276939,0.0793318,0.07591525,0.0034165531,0.03487012712341479,1.0,1.0
7,7,L07H07,-0.059829022735357285,0.13028712570667267,0.008681600242152792,0.781831311388593,0.6412059664726257,0.6683064699172974,0.059829022735357285,0.008681600242152792,0.7399428,0.7592981,-0.019355297,0.03425531148875504,1.0,1.0
1,9,L01H09,0.04122532159090042,0.04708483815193176,0.019247495817482033,0.5392028733253525,1.7022920846939087,0.13129131495952606,0.04122532159090042,0.019247495817482033,0.5797984,0.5653182,0.014480174,0.030236408704191226,1.0,1.0
4,1,L04H01,-0.04901847615838051,0.17622411251068115,0.009377610174973057,0.7648361333044882,7.820822238922119,3.098881506957696e-07,0.04901847615838051,0.009377610174973057,0.1811031,0.18659583,-0.005492732,0.029198043166676783,1.0,0.00011899704986717552
5,10,L05H10,0.044606901705265045,-0.2605712413787842,0.008904830326146002,0.7763687049352999,6.487893581390381,5.99988152316655e-06,0.044606901705265045,0.008904830326146002,0.029960498,0.029199336,0.0007611625,0.026755866015705523,1.0,0.0023039545048959553
3,2,L03H02,-0.006699475459754467,0.1024516373872757,-0.04258136781694569,0.1741818763605695,1.115099549293518,0.35049933195114136,0.006699475459754467,0.04258136781694569,1.0724938,1.0742666,-0.0017727613,0.024640421638350077,1.0,1.0
11,4,L11H04,0.0,-0.11438330262899399,0.04770319335085303,0.12787971056019462,1.1121001243591309,0.35211455821990967,0.0,0.04770319335085303,0.0,0.0,0.0,0.023851596675426516,1.0,1.0
1,10,L01H10,0.027334459125995636,-0.35062581300735474,0.020143340153137807,0.5204816992205492,7.429933547973633,7.408617079818214e-07,0.027334459125995636,0.020143340153137807,0.23797074,0.2338483,0.004122436,0.02373889963956672,1.0,0.0002844908958650194
11,2,L11H02,0.009369298815727234,-0.4764440357685089,0.015853629890049986,0.6130425035362239,12.417773246765137,1.028571412070578e-11,0.009369298815727234,0.015853629890049986,0.0028206278,0.0025797037,0.00024092407,0.01261146435288861,1.0,3.9497142223510195e-09
2,4,L02H04,0.008219107985496521,0.2093573957681656,-0.0023161332079828026,0.9411052657410262,2.917170524597168,0.012709341943264008,0.008219107985496521,0.0023161332079828026,0.70200574,0.6991946,0.0028111339,0.005267620596739662,1.0,1.0
10,0,L10H00,0.0,0.0,,,,,0.0,,0.0,0.0,0.0,,,
10,1,L10H01,0.0,0.0,,,,,0.0,,0.0,0.0,0.0,,,
10,3,L10H03,0.0,0.0,,,,,0.0,,0.0,0.0,0.0,,,
10,4,L10H04,0.0,0.0,,,,,0.0,,0.0,0.0,0.0,,,
10,6,L10H06,0.0,0.0,,,,,0.0,,0.0,0.0,0.0,,,
10,7,L10H07,0.0,0.0,,,,,0.0,,0.0,0.0,0.0,,,
10,8,L10H08,0.0,0.0,,,,,0.0,,0.0,0.0,0.0,,,
10,10,L10H10,0.0,0.0,,,,,0.0,,0.0,0.0,0.0,,,
10,11,L10H11,0.0,0.0,,,,,0.0,,0.0,0.0,0.0,,,
11,10,L11H10,0.0,0.0,,,,,0.0,,0.0,0.0,0.0,,,
