config,layer,direction,n,mean_delta,median_delta,std_delta,wilcoxon_stat,wilcoxon_p,t_stat,t_p,significant,effect_sign
H→T5 (human→min-evidence),0,forward,35,-0.0002711724534882316,-0.00045615972771884117,0.0007024215065704597,168.0,0.016039448842294537,-2.283924758579873,0.028743485504430122,True,-
H→T5 (human→min-evidence),0,reverse,35,-0.0022953423427121526,-0.0024783732942523784,0.0008914799350471641,0.0,2.469027420703735e-07,-15.232455487956049,9.382855145421925e-17,True,-
H→T5 (human→min-evidence),4,forward,35,-0.0010923377700107397,-0.0011078125826315954,0.0011888927607516086,44.0,9.026501551053273e-06,-5.435610015314757,4.666547822005722e-06,True,-
H→T5 (human→min-evidence),4,reverse,35,-0.0006633743930348959,-0.0009624699014239013,0.0022767504706613104,196.0,0.051254020290160275,-1.723761951883899,0.09383430586148456,False,-
H→T5 (human→min-evidence),5,forward,35,-0.001000243344320292,-0.0008525497287337203,0.0013332852568816015,70.0,5.9860230677475974e-05,-4.43829960390743,9.07166864611753e-05,True,-
H→T5 (human→min-evidence),5,reverse,35,-0.0006333463970122466,-0.0010615465434966609,0.0021639274087554136,197.0,0.053240416134149364,-1.7315404388810747,0.09242136983779964,False,-
H→T5 (human→min-evidence),7,forward,35,-0.0008850216637386308,-0.0007528218120569363,0.0010895068402976742,84.0,0.00015431157601133967,-4.805714456110036,3.063591742662108e-05,True,-
H→T5 (human→min-evidence),7,reverse,35,-0.0002107439078664746,-0.0009070411324501038,0.0024592067455285584,207.0,0.07686799468651363,-0.5069837153818835,0.6154388049795055,False,-
H→T5 (human→min-evidence),11,forward,35,-0.00015217132417352073,-0.00014899553207214922,0.0006032459167390707,220.0,0.11966024516021345,-1.492356051702648,0.14482758351154493,False,-
H→T5 (human→min-evidence),11,reverse,35,-0.0004240157894238499,-0.00096781829779502,0.00176906177299625,198.0,0.05529071422779558,-1.4179896246793071,0.1652945355630086,False,-
H→T4 (human→welfare+),0,forward,25,0.00011922405817472282,0.00018314820454179426,0.00035667941425018916,101.0,0.09789415904906036,1.671305567569065,0.10765174725189486,False,+
H→T4 (human→welfare+),0,reverse,25,-0.002199426217599694,-0.0024782840355328517,0.000738324779758074,0.0,1.2234719130609672e-05,-14.894706759810886,1.2655249885672364e-13,True,-
H→T4 (human→welfare+),4,forward,25,-0.0005287489476904738,-0.00029440644721034914,0.0008998804921427553,64.0,0.008027032521948314,-2.9378842652285995,0.007189182163195696,True,-
H→T4 (human→welfare+),4,reverse,25,-0.0014276521757710726,-0.001613015789189376,0.001013465612357916,6.0,2.532487934806282e-05,-7.043416956444706,2.7832183000934975e-07,True,-
H→T4 (human→welfare+),5,forward,25,-0.00030371092027053236,-0.0003694472834467888,0.0008473528488867697,100.0,0.09255670456299825,-1.7921160037966468,0.085731747625394,False,-
H→T4 (human→welfare+),5,reverse,25,-0.0012656184489605949,-0.0014130294439382851,0.0009199000719801115,7.0,2.8520161551196602e-05,-6.879108326605055,4.093674499119508e-07,True,-
H→T4 (human→welfare+),7,forward,25,-0.0005855390464421362,-0.0006399700505426154,0.0009074710135808439,58.0,0.004917198949329764,-3.226213497065999,0.003604276731760789,True,-
H→T4 (human→welfare+),7,reverse,25,-0.001182878243853338,-0.0009596568124834448,0.000916584385014206,11.0,4.555783103031935e-05,-6.452642349100268,1.1317459606345596e-06,True,-
H→T4 (human→welfare+),11,forward,25,-0.0004239741386845708,-0.0004749695799546316,0.000936397445339189,92.0,0.05777957112359726,-2.2638578351257443,0.03290161282636825,False,-
H→T4 (human→welfare+),11,reverse,25,-0.0007950585422804579,-0.0006891458033351228,0.0008998675061798793,34.0,0.0005435539896223413,-4.4176422463327025,0.0001826295744774745,True,-
H→T3 (human→vertebrate),0,forward,20,0.0005069345542557891,0.0005257637193940567,0.0012574557976682034,62.0,0.10830370105951513,1.802910488880023,0.08728681313340093,False,+
H→T3 (human→vertebrate),0,reverse,20,-0.001900737814924547,-0.0019481605497730925,0.0008476442472694384,0.0,8.807368035275506e-05,-10.02821401848011,5.029406157556927e-09,True,-
H→T3 (human→vertebrate),4,forward,20,-0.0003604673482186627,-0.0004858133688685484,0.0009086780865041144,63.0,0.11676011936670211,-1.7740705014401552,0.09207877896666038,False,-
H→T3 (human→vertebrate),4,reverse,20,-0.0009455284602154279,-0.0005231117829680443,0.0012083829929129813,32.0,0.006406137863481518,-3.4993307984344595,0.002398987068455854,True,-
H→T3 (human→vertebrate),5,forward,20,-0.00010634147729433607,-0.00021627261230605654,0.0008271073632437847,81.0,0.3700944683002695,-0.5749840531592505,0.57204868629704,False,-
H→T3 (human→vertebrate),5,reverse,20,-0.0010442329941724893,-0.000768765399698168,0.0011032022385075119,17.0,0.0010146951153109983,-4.233087783572203,0.0004500381454949006,True,-
H→T3 (human→vertebrate),7,forward,20,-0.0001321386293057003,-0.0001738372229738161,0.0008621357786841288,84.0,0.43288793401334236,-0.6854394977834392,0.5013447968041005,False,-
H→T3 (human→vertebrate),7,reverse,20,-0.0009226324200426461,-0.0005255563373793848,0.0011039544047997734,24.0,0.002486327719973165,-3.737597858191761,0.0013948854971987269,True,-
H→T3 (human→vertebrate),11,forward,20,-0.00020423838741407964,-0.0001260656281374395,0.000737408290521433,71.0,0.20417253180466222,-1.23863787197154,0.23056490417089073,False,-
H→T3 (human→vertebrate),11,reverse,20,-0.0005114054969453718,-0.00023726742074359208,0.0008901542057828843,39.0,0.013708394561390709,-2.569301920516523,0.01877349984040404,True,-
H→H  (within-tier ctrl),0,forward,20,-0.0012167791194928057,-0.0011865719002912556,0.0005038784491333644,0.0,8.807368035275506e-05,-10.799433194524749,1.5036963410698954e-09,True,-
H→H  (within-tier ctrl),0,reverse,20,-0.0008077592544347035,-0.0025351812013241215,0.0037010827357819493,90.0,0.5753530764008792,-0.976041191896748,0.34130834357343454,False,-
H→H  (within-tier ctrl),4,forward,20,0.0006843956261946005,0.0003273221336712595,0.0008410163171363146,26.0,0.0031745619377953724,3.639299529610952,0.0017451461760395256,True,+
H→H  (within-tier ctrl),4,reverse,20,4.8412324446189814e-05,-0.0003133125704266604,0.0019441219818193717,97.0,0.7651189955273551,0.11136466684991486,0.9124952197346544,False,+
H→H  (within-tier ctrl),5,forward,20,0.0008910151256714017,0.0005956405948381871,0.0011068730596281134,24.0,0.002486327719973165,3.599997981071412,0.0019084556278276775,True,+
H→H  (within-tier ctrl),5,reverse,20,0.0005955755787169891,0.00036271764025741504,0.0018811586441885297,73.0,0.23206284673343192,1.4158800310267685,0.17299533201005396,False,+
H→H  (within-tier ctrl),7,forward,20,0.0009590637497240096,0.0007713625527685508,0.0011269155954434147,15.0,0.0007762945483523207,3.8060201630183452,0.0011932627000495863,True,+
H→H  (within-tier ctrl),7,reverse,20,0.0007982433147333268,0.0007040623095235787,0.0017030915400156055,57.0,0.07303805072825319,2.0961014395175996,0.049696495181305714,False,+
H→H  (within-tier ctrl),11,forward,20,0.0004517447690886911,0.0004581299581332132,0.0007063573866453526,42.0,0.018633749462933773,2.860115944874872,0.010017945602550262,True,+
H→H  (within-tier ctrl),11,reverse,20,0.0008640219736491872,0.0009908873689710163,0.0014708398241676966,36.0,0.009970456723708224,2.627086696168811,0.016596163185727812,True,+
T6→T6 (null control),0,forward,15,0.00221925448975,0.0011786520033076897,0.002325573164016122,1.0,0.0007993970664588131,3.695921423927389,0.002396596516003173,True,+
T6→T6 (null control),0,reverse,15,0.0002955418371319259,0.00025335813052151934,0.0003755964184261191,18.0,0.016991860052233423,3.0474960813414826,0.00869288313730382,True,+
T6→T6 (null control),4,forward,15,0.0003140215269468172,0.00018027692749456037,0.0004471809633047054,14.0,0.00894350715784605,2.7197046475946203,0.016603094891487633,True,+
T6→T6 (null control),4,reverse,15,-0.0005267667375846941,-0.00031086616877473716,0.0008271134809156311,14.0,0.00894350715784605,-2.4666008341963384,0.027161688868916112,True,-
T6→T6 (null control),5,forward,15,0.00020000227987869342,6.98700666816876e-05,0.00026936742011714155,14.0,0.00894350715784605,2.8756465753610314,0.01221576632288891,True,+
T6→T6 (null control),5,reverse,15,-0.0002372412218695293,-0.0002549219436787098,0.000383238505080153,23.0,0.03548929194368551,-2.397544320715935,0.03101443879971643,True,-
T6→T6 (null control),7,forward,15,0.00010572268368681155,3.8069374568294734e-06,0.0002591556080570796,40.0,0.2557007960840325,1.579985848290772,0.1364325079251966,False,+
T6→T6 (null control),7,reverse,15,-0.00024640245151204,-0.0002588857432783698,0.0003167952852331701,18.0,0.016991860052233423,-3.0123951828020767,0.00931967255464236,True,-
T6→T6 (null control),11,forward,15,-0.00013333280362530785,-0.00010368048060627189,0.00018446208140666107,20.0,0.02301276385509717,-2.799468183412322,0.014195172875066712,True,-
T6→T6 (null control),11,reverse,15,-0.00014762180906776243,-0.00018577325636215392,0.00016197961873763985,14.0,0.00894350715784605,-3.529683626324021,0.0033327343216878855,True,-
