entity,tier,layer,pc1,pc2,method
ant,T5,0,5.96065092086792,4.381194591522217,pca_entity_mean
aphid,T5,0,7.700784683227539,4.637357711791992,pca_entity_mean
bacterium,T6,0,-1.1273791790008545,2.858389377593994,pca_entity_mean
bee,T4,0,-4.116496562957764,5.425041675567627,pca_entity_mean
beetle,T5,0,3.4636566638946533,6.467339038848877,pca_entity_mean
bumblebee,T4,0,8.525687217712402,3.5560476779937744,pca_entity_mean
chicken,T3,0,-9.77514934539795,0.3315114676952362,pca_entity_mean
child,T1,0,1.853553056716919,-14.81688404083252,pca_entity_mean
chimpanzee,T2,0,7.433432102203369,2.757634162902832,pca_entity_mean
cloud,T6,0,7.699056625366211,1.7115787267684937,pca_entity_mean
cockroach,T5,0,6.708034992218018,3.8179843425750732,pca_entity_mean
cow,T2,0,-4.234158992767334,-4.550024032592773,pca_entity_mean
crab,T4,0,-9.467068672180176,5.810835361480713,pca_entity_mean
crayfish,T4,0,4.07776403427124,2.672043800354004,pca_entity_mean
crow,T3,0,0.3984823524951935,1.34125554561615,pca_entity_mean
dog,T2,0,-6.082214832305908,-4.52382230758667,pca_entity_mean
dolphin,T2,0,3.567674398422241,1.1230534315109253,pca_entity_mean
earthworm,T5,0,1.8822954893112183,4.461966514587402,pca_entity_mean
elderly person,T1,0,5.255781173706055,-8.506205558776855,pca_entity_mean
elephant,T2,0,-7.186278820037842,-1.898261308670044,pca_entity_mean
fly,T5,0,-0.21719123423099518,4.187997817993164,pca_entity_mean
frog,T3,0,-10.771110534667969,3.3472516536712646,pca_entity_mean
gecko,T3,0,6.81576681137085,4.745582580566406,pca_entity_mean
horse,T2,0,-6.895122051239014,-5.277288436889648,pca_entity_mean
infant,T1,0,-2.73524808883667,-16.321809768676758,pca_entity_mean
lobster,T4,0,6.144797325134277,5.497856616973877,pca_entity_mean
mantis shrimp,T4,0,1.5677825212478638,4.55044412612915,pca_entity_mean
mite,T5,0,10.156549453735352,2.7715437412261963,pca_entity_mean
moss,T6,0,-1.0408532619476318,9.728631019592285,pca_entity_mean
moth,T5,0,-3.079072952270508,8.805499076843262,pca_entity_mean
mushroom,T6,0,-6.1194233894348145,9.460786819458008,pca_entity_mean
mussel,T4,0,7.790415287017822,2.79253888130188,pca_entity_mean
nematode,T5,0,3.0558526515960693,6.015466690063477,pca_entity_mean
oak tree,T6,0,3.251542329788208,5.763001441955566,pca_entity_mean
octopus,T4,0,3.4504427909851074,4.22910213470459,pca_entity_mean
patient,T1,0,4.829735279083252,-12.095497131347656,pca_entity_mean
pig,T2,0,-10.356841087341309,-5.9770941734313965,pca_entity_mean
pigeon,T3,0,-2.0076076984405518,-2.493098020553589,pca_entity_mean
prisoner,T1,0,2.671044111251831,-13.25019645690918,pca_entity_mean
rabbit,T2,0,-6.634348392486572,-2.2075843811035156,pca_entity_mean
rat,T2,0,-3.718778610229492,-1.8805699348449707,pca_entity_mean
refugee,T1,0,-0.20067842304706573,-14.152968406677246,pca_entity_mean
river,T6,0,-3.4188385009765625,0.45182183384895325,pca_entity_mean
rock,T6,0,6.405477523803711,5.068799018859863,pca_entity_mean
salmon,T3,0,-13.861568450927734,3.995588779449463,pca_entity_mean
seaweed,T6,0,2.725923776626587,5.740157127380371,pca_entity_mean
shrimp,T4,0,-14.813667297363281,4.390472412109375,pca_entity_mean
snake,T3,0,-8.471489906311035,1.7032873630523682,pca_entity_mean
soldier,T1,0,2.192965269088745,-12.769975662231445,pca_entity_mean
squid,T4,0,8.401278495788574,3.686229944229126,pca_entity_mean
statue,T6,0,4.734585762023926,-1.7734198570251465,pca_entity_mean
table,T6,0,9.404711723327637,0.0448371097445488,pca_entity_mean
teenager,T1,0,3.8397767543792725,-13.74217700958252,pca_entity_mean
trout,T3,0,-17.214073181152344,4.950652599334717,pca_entity_mean
tuna,T3,0,8.979421615600586,2.390397071838379,pca_entity_mean
whale,T2,0,-10.704824447631836,-3.015005350112915,pca_entity_mean
woman,T1,0,5.926815032958984,-9.643865585327148,pca_entity_mean
woodlouse,T5,0,7.732496738433838,4.2181243896484375,pca_entity_mean
worker,T1,0,4.08499813079834,-9.725823402404785,pca_entity_mean
zebrafish,T3,0,-14.439760208129883,-1.2677292823791504,pca_entity_mean
ant,T5,1,5.818917751312256,-2.3234262466430664,pca_entity_mean
aphid,T5,1,7.868660926818848,-1.9451918601989746,pca_entity_mean
bacterium,T6,1,-1.4779624938964844,-2.6886403560638428,pca_entity_mean
bee,T4,1,-2.7948224544525146,-7.326448440551758,pca_entity_mean
beetle,T5,1,5.462620258331299,-5.211400032043457,pca_entity_mean
bumblebee,T4,1,10.544387817382812,-1.1565316915512085,pca_entity_mean
chicken,T3,1,-9.139445304870605,-3.387392520904541,pca_entity_mean
child,T1,1,-2.480912208557129,16.700103759765625,pca_entity_mean
chimpanzee,T2,1,8.348381042480469,-0.6555867195129395,pca_entity_mean
cloud,T6,1,7.817298889160156,-3.126751184463501,pca_entity_mean
cockroach,T5,1,8.025691986083984,-1.172190546989441,pca_entity_mean
cow,T2,1,-6.219627857208252,2.8413164615631104,pca_entity_mean
crab,T4,1,-6.516683101654053,-8.376700401306152,pca_entity_mean
crayfish,T4,1,6.167215347290039,-1.1112412214279175,pca_entity_mean
crow,T3,1,-1.5224753618240356,-3.108290195465088,pca_entity_mean
dog,T2,1,-7.662776947021484,3.0290160179138184,pca_entity_mean
dolphin,T2,1,4.957010746002197,-0.8271958827972412,pca_entity_mean
earthworm,T5,1,2.0097906589508057,-2.8550236225128174,pca_entity_mean
elderly person,T1,1,2.782008171081543,11.40282917022705,pca_entity_mean
elephant,T2,1,-6.866360664367676,-0.9848882555961609,pca_entity_mean
fly,T5,1,0.009304027073085308,-4.081049919128418,pca_entity_mean
frog,T3,1,-9.349428176879883,-5.3060479164123535,pca_entity_mean
gecko,T3,1,7.675885200500488,-2.41074800491333,pca_entity_mean
horse,T2,1,-8.331779479980469,2.471022129058838,pca_entity_mean
infant,T1,1,-8.072778701782227,15.907206535339355,pca_entity_mean
lobster,T4,1,6.754554271697998,-3.5727922916412354,pca_entity_mean
mantis shrimp,T4,1,2.9895782470703125,-4.951825141906738,pca_entity_mean
mite,T5,1,10.769648551940918,0.001898609334602952,pca_entity_mean
moss,T6,1,1.1202164888381958,-10.204190254211426,pca_entity_mean
moth,T5,1,0.9037906527519226,-7.321821212768555,pca_entity_mean
mushroom,T6,1,-1.3899623155593872,-10.809182167053223,pca_entity_mean
mussel,T4,1,8.674695014953613,-1.454600214958191,pca_entity_mean
nematode,T5,1,4.5030083656311035,-4.078976631164551,pca_entity_mean
oak tree,T6,1,4.972055435180664,-4.155259132385254,pca_entity_mean
octopus,T4,1,5.263130187988281,-2.640235662460327,pca_entity_mean
patient,T1,1,1.1893941164016724,16.276826858520508,pca_entity_mean
pig,T2,1,-11.266162872314453,1.2269017696380615,pca_entity_mean
pigeon,T3,1,-0.866457462310791,0.6115542650222778,pca_entity_mean
prisoner,T1,1,-1.6747316122055054,13.54864501953125,pca_entity_mean
rabbit,T2,1,-8.667729377746582,-0.23879054188728333,pca_entity_mean
rat,T2,1,-5.6566290855407715,1.1770538091659546,pca_entity_mean
refugee,T1,1,-3.0278937816619873,11.197009086608887,pca_entity_mean
river,T6,1,-2.9164886474609375,-1.9756584167480469,pca_entity_mean
rock,T6,1,4.206049919128418,-3.5362229347229004,pca_entity_mean
salmon,T3,1,-11.082324981689453,-7.743704319000244,pca_entity_mean
seaweed,T6,1,4.754284381866455,-5.013736724853516,pca_entity_mean
shrimp,T4,1,-12.010078430175781,-7.981680870056152,pca_entity_mean
snake,T3,1,-7.341788291931152,-4.599233627319336,pca_entity_mean
soldier,T1,1,-1.768465280532837,13.36206340789795,pca_entity_mean
squid,T4,1,9.3493070602417,-1.7804689407348633,pca_entity_mean
statue,T6,1,3.5203769207000732,2.0945863723754883,pca_entity_mean
table,T6,1,9.904580116271973,2.2635610103607178,pca_entity_mean
teenager,T1,1,-0.8056641221046448,15.48054027557373,pca_entity_mean
trout,T3,1,-15.502311706542969,-8.220913887023926,pca_entity_mean
tuna,T3,1,9.882475852966309,-0.9124950170516968,pca_entity_mean
whale,T2,1,-10.061784744262695,-0.7283619046211243,pca_entity_mean
woman,T1,1,1.7911545038223267,12.78851318359375,pca_entity_mean
woodlouse,T5,1,9.331425666809082,-1.9243853092193604,pca_entity_mean
worker,T1,1,1.3972630500793457,11.599995613098145,pca_entity_mean
zebrafish,T3,1,-14.290634155273438,-2.0813591480255127,pca_entity_mean
ant,T5,2,3.340956926345825,6.797939300537109,pca_entity_mean
aphid,T5,2,4.859020233154297,7.292377471923828,pca_entity_mean
bacterium,T6,2,1.284153699874878,-1.5898208618164062,pca_entity_mean
bee,T4,2,3.8198282718658447,-1.3636910915374756,pca_entity_mean
beetle,T5,2,6.009343147277832,2.1147494316101074,pca_entity_mean
bumblebee,T4,2,4.091640949249268,8.801448822021484,pca_entity_mean
chicken,T3,2,1.154733657836914,-10.204120635986328,pca_entity_mean
child,T1,2,-17.353914260864258,1.9288408756256104,pca_entity_mean
chimpanzee,T2,2,4.035433769226074,6.7138872146606445,pca_entity_mean
cloud,T6,2,4.697771072387695,8.637129783630371,pca_entity_mean
cockroach,T5,2,4.184344291687012,7.0449042320251465,pca_entity_mean
cow,T2,2,-3.285496950149536,-5.773040294647217,pca_entity_mean
crab,T4,2,6.408481597900391,-9.046207427978516,pca_entity_mean
crayfish,T4,2,4.5136260986328125,6.341207027435303,pca_entity_mean
crow,T3,2,2.6587185859680176,-1.6644389629364014,pca_entity_mean
dog,T2,2,-6.584225654602051,-6.371683120727539,pca_entity_mean
dolphin,T2,2,1.3412355184555054,5.656409740447998,pca_entity_mean
earthworm,T5,2,2.8990511894226074,2.5946671962738037,pca_entity_mean
elderly person,T1,2,-12.098377227783203,5.623103141784668,pca_entity_mean
elephant,T2,2,-2.3657686710357666,-4.475493431091309,pca_entity_mean
fly,T5,2,4.3356852531433105,-1.8568518161773682,pca_entity_mean
frog,T3,2,1.796816110610962,-10.063043594360352,pca_entity_mean
gecko,T3,2,5.989010334014893,6.024357318878174,pca_entity_mean
horse,T2,2,-4.714552879333496,-7.212069034576416,pca_entity_mean
infant,T1,2,-16.41902732849121,-3.8689842224121094,pca_entity_mean
lobster,T4,2,6.221414566040039,3.375467538833618,pca_entity_mean
mantis shrimp,T4,2,5.325684547424316,2.1491522789001465,pca_entity_mean
mite,T5,2,2.777829647064209,11.723591804504395,pca_entity_mean
moss,T6,2,10.341312408447266,-0.9528617858886719,pca_entity_mean
moth,T5,2,5.486412048339844,-3.437185049057007,pca_entity_mean
mushroom,T6,2,9.99896240234375,-2.827714204788208,pca_entity_mean
mussel,T4,2,5.172726154327393,6.788827419281006,pca_entity_mean
nematode,T5,2,7.109342575073242,2.7975664138793945,pca_entity_mean
oak tree,T6,2,4.939905643463135,5.132897853851318,pca_entity_mean
octopus,T4,2,5.161182403564453,5.29456901550293,pca_entity_mean
patient,T1,2,-18.70221519470215,4.459141254425049,pca_entity_mean
pig,T2,2,-2.697685956954956,-10.680305480957031,pca_entity_mean
pigeon,T3,2,-0.9161701798439026,-2.5700106620788574,pca_entity_mean
prisoner,T1,2,-15.775168418884277,1.1206486225128174,pca_entity_mean
rabbit,T2,2,-0.711942195892334,-6.629513740539551,pca_entity_mean
rat,T2,2,-1.9521944522857666,-4.253765106201172,pca_entity_mean
refugee,T1,2,-11.27963638305664,-0.01705019548535347,pca_entity_mean
river,T6,2,2.034946918487549,-2.382812976837158,pca_entity_mean
rock,T6,2,4.002861976623535,2.5434112548828125,pca_entity_mean
salmon,T3,2,6.536725997924805,-13.155489921569824,pca_entity_mean
seaweed,T6,2,5.694180965423584,3.5864996910095215,pca_entity_mean
shrimp,T4,2,5.968456745147705,-13.38464641571045,pca_entity_mean
snake,T3,2,0.571593701839447,-9.074844360351562,pca_entity_mean
soldier,T1,2,-14.443563461303711,0.7600350379943848,pca_entity_mean
squid,T4,2,5.3472490310668945,7.219720363616943,pca_entity_mean
statue,T6,2,-4.772956848144531,1.9557695388793945,pca_entity_mean
table,T6,2,-1.559098243713379,10.79255485534668,pca_entity_mean
teenager,T1,2,-15.06010627746582,2.5343875885009766,pca_entity_mean
trout,T3,2,4.466957092285156,-16.83695411682129,pca_entity_mean
tuna,T3,2,4.724644660949707,8.531203269958496,pca_entity_mean
whale,T2,2,-0.6103479266166687,-10.521775245666504,pca_entity_mean
woman,T1,2,-13.850831031799316,4.095101833343506,pca_entity_mean
woodlouse,T5,2,5.411352157592773,10.016231536865234,pca_entity_mean
worker,T1,2,-12.614298820495605,3.7366561889648438,pca_entity_mean
zebrafish,T3,2,3.0539729595184326,-13.970077514648438,pca_entity_mean
ant,T5,3,7.301058292388916,-3.7917606830596924,pca_entity_mean
aphid,T5,3,6.440104007720947,-6.933184623718262,pca_entity_mean
bacterium,T6,3,-2.254791498184204,2.3578391075134277,pca_entity_mean
bee,T4,3,5.485954284667969,3.8343634605407715,pca_entity_mean
beetle,T5,3,6.071346759796143,-1.5675183534622192,pca_entity_mean
bumblebee,T4,3,7.0008063316345215,-9.333046913146973,pca_entity_mean
chicken,T3,3,-1.375609040260315,9.954483985900879,pca_entity_mean
child,T1,3,-18.67713737487793,-5.819838523864746,pca_entity_mean
chimpanzee,T2,3,5.857306480407715,-9.090777397155762,pca_entity_mean
cloud,T6,3,3.9294097423553467,-3.9606127738952637,pca_entity_mean
cockroach,T5,3,7.205114841461182,-7.738210678100586,pca_entity_mean
cow,T2,3,-2.4012744426727295,6.695733070373535,pca_entity_mean
crab,T4,3,2.9085357189178467,10.145564079284668,pca_entity_mean
crayfish,T4,3,7.200079441070557,-6.9453654289245605,pca_entity_mean
crow,T3,3,7.462697505950928,4.625564098358154,pca_entity_mean
dog,T2,3,-6.45631217956543,4.7171173095703125,pca_entity_mean
dolphin,T2,3,3.59458327293396,-6.648953914642334,pca_entity_mean
earthworm,T5,3,2.9800772666931152,-2.7045657634735107,pca_entity_mean
elderly person,T1,3,-11.367718696594238,-9.971966743469238,pca_entity_mean
elephant,T2,3,-2.9252841472625732,4.1386189460754395,pca_entity_mean
fly,T5,3,4.693207740783691,3.4570934772491455,pca_entity_mean
frog,T3,3,-0.7937936186790466,9.907864570617676,pca_entity_mean
gecko,T3,3,7.578797817230225,-5.33504581451416,pca_entity_mean
horse,T2,3,-6.185610771179199,6.923374652862549,pca_entity_mean
infant,T1,3,-16.619779586791992,-1.4275718927383423,pca_entity_mean
lobster,T4,3,7.1574578285217285,-1.9935157299041748,pca_entity_mean
mantis shrimp,T4,3,7.589583873748779,-4.414060115814209,pca_entity_mean
mite,T5,3,6.1450419425964355,-11.539907455444336,pca_entity_mean
moss,T6,3,8.143769264221191,5.160140514373779,pca_entity_mean
moth,T5,3,2.851996421813965,5.5681633949279785,pca_entity_mean
mushroom,T6,3,7.481075763702393,6.517548561096191,pca_entity_mean
mussel,T4,3,6.830768585205078,-5.692089080810547,pca_entity_mean
nematode,T5,3,6.180870532989502,-3.408803701400757,pca_entity_mean
oak tree,T6,3,3.9625730514526367,-4.413639545440674,pca_entity_mean
octopus,T4,3,7.063963413238525,-5.6053466796875,pca_entity_mean
patient,T1,3,-19.08795738220215,-7.125522136688232,pca_entity_mean
pig,T2,3,-3.770193576812744,8.720762252807617,pca_entity_mean
pigeon,T3,3,-0.5392114520072937,1.1497007608413696,pca_entity_mean
prisoner,T1,3,-16.088685989379883,-3.130281925201416,pca_entity_mean
rabbit,T2,3,-1.510433554649353,7.296525001525879,pca_entity_mean
rat,T2,3,-1.4281781911849976,4.716885566711426,pca_entity_mean
refugee,T1,3,-10.59971809387207,-0.5693801045417786,pca_entity_mean
river,T6,3,-0.3129085898399353,4.693673610687256,pca_entity_mean
rock,T6,3,3.349273204803467,0.9138424396514893,pca_entity_mean
salmon,T3,3,3.085465431213379,13.149620056152344,pca_entity_mean
seaweed,T6,3,5.119701862335205,-3.2304770946502686,pca_entity_mean
shrimp,T4,3,1.6126030683517456,12.299774169921875,pca_entity_mean
snake,T3,3,-0.23293887078762054,9.248732566833496,pca_entity_mean
soldier,T1,3,-13.12020492553711,-2.321854591369629,pca_entity_mean
squid,T4,3,8.708213806152344,-4.898385047912598,pca_entity_mean
statue,T6,3,-7.588039398193359,-1.0408573150634766,pca_entity_mean
table,T6,3,-2.518038749694824,-7.915167331695557,pca_entity_mean
teenager,T1,3,-15.017942428588867,-5.862189292907715,pca_entity_mean
trout,T3,3,1.5547409057617188,15.005840301513672,pca_entity_mean
tuna,T3,3,7.059347629547119,-8.042596817016602,pca_entity_mean
whale,T2,3,-1.0142995119094849,9.407184600830078,pca_entity_mean
woman,T1,3,-13.473968505859375,-6.855306148529053,pca_entity_mean
woodlouse,T5,3,7.520127773284912,-9.815155029296875,pca_entity_mean
worker,T1,3,-11.090925216674805,-4.4680070877075195,pca_entity_mean
zebrafish,T3,3,-0.6746916174888611,13.004964828491211,pca_entity_mean
ant,T5,4,-8.386340141296387,11.522252082824707,pca_entity_mean
aphid,T5,4,-7.130623817443848,8.240113258361816,pca_entity_mean
bacterium,T6,4,3.867888927459717,-1.3128392696380615,pca_entity_mean
bee,T4,4,-5.742627143859863,-1.6828442811965942,pca_entity_mean
beetle,T5,4,-5.612926959991455,0.711297333240509,pca_entity_mean
bumblebee,T4,4,-5.85745906829834,9.453184127807617,pca_entity_mean
chicken,T3,4,-1.560280203819275,-11.432905197143555,pca_entity_mean
child,T1,4,18.480640411376953,1.8673585653305054,pca_entity_mean
chimpanzee,T2,4,-6.669227600097656,9.876948356628418,pca_entity_mean
cloud,T6,4,-0.46328678727149963,7.66744327545166,pca_entity_mean
cockroach,T5,4,-5.753685474395752,7.180241107940674,pca_entity_mean
cow,T2,4,-0.9436953067779541,-6.451926231384277,pca_entity_mean
crab,T4,4,-4.853983402252197,-10.218514442443848,pca_entity_mean
crayfish,T4,4,-6.166231155395508,6.605511665344238,pca_entity_mean
crow,T3,4,-9.702919960021973,0.35916784405708313,pca_entity_mean
dog,T2,4,3.5825083255767822,-8.879170417785645,pca_entity_mean
dolphin,T2,4,-2.1287333965301514,5.556875705718994,pca_entity_mean
earthworm,T5,4,-1.392542839050293,2.000730514526367,pca_entity_mean
elderly person,T1,4,15.539620399475098,5.866375923156738,pca_entity_mean
elephant,T2,4,-0.14959204196929932,-4.7704010009765625,pca_entity_mean
fly,T5,4,-5.181705474853516,-2.197038412094116,pca_entity_mean
frog,T3,4,-1.1236896514892578,-11.190451622009277,pca_entity_mean
gecko,T3,4,-6.2643609046936035,7.530067443847656,pca_entity_mean
horse,T2,4,3.1550049781799316,-9.909346580505371,pca_entity_mean
infant,T1,4,14.394152641296387,-2.2644031047821045,pca_entity_mean
lobster,T4,4,-7.01546049118042,2.8441243171691895,pca_entity_mean
mantis shrimp,T4,4,-7.743861675262451,5.528787612915039,pca_entity_mean
mite,T5,4,-3.5174505710601807,13.470354080200195,pca_entity_mean
moss,T6,4,-7.163211345672607,0.8810670375823975,pca_entity_mean
moth,T5,4,-4.061733722686768,-5.390870571136475,pca_entity_mean
mushroom,T6,4,-8.22137451171875,-4.097111701965332,pca_entity_mean
mussel,T4,4,-6.008578300476074,4.489795207977295,pca_entity_mean
nematode,T5,4,-6.139001369476318,2.948056697845459,pca_entity_mean
oak tree,T6,4,-3.2352685928344727,6.225512504577637,pca_entity_mean
octopus,T4,4,-5.79395866394043,5.273033142089844,pca_entity_mean
patient,T1,4,20.839231491088867,3.1842660903930664,pca_entity_mean
pig,T2,4,-0.8927316665649414,-11.794905662536621,pca_entity_mean
pigeon,T3,4,-2.126056432723999,-6.242710113525391,pca_entity_mean
prisoner,T1,4,20.097171783447266,-0.040752019733190536,pca_entity_mean
rabbit,T2,4,-1.5276695489883423,-9.947465896606445,pca_entity_mean
rat,T2,4,-0.1978871077299118,-7.305424213409424,pca_entity_mean
refugee,T1,4,10.852703094482422,1.8836190700531006,pca_entity_mean
river,T6,4,1.2595078945159912,-0.10715189576148987,pca_entity_mean
rock,T6,4,-1.0052902698516846,4.514665126800537,pca_entity_mean
salmon,T3,4,-6.549281597137451,-10.714452743530273,pca_entity_mean
seaweed,T6,4,-3.531043529510498,3.4867494106292725,pca_entity_mean
shrimp,T4,4,-3.803323745727539,-11.534087181091309,pca_entity_mean
snake,T3,4,-2.051424264907837,-9.64511775970459,pca_entity_mean
soldier,T1,4,15.818021774291992,1.4666060209274292,pca_entity_mean
squid,T4,4,-9.476936340332031,5.483997344970703,pca_entity_mean
statue,T6,4,8.393106460571289,2.128725290298462,pca_entity_mean
table,T6,4,4.897922039031982,9.107650756835938,pca_entity_mean
teenager,T1,4,19.307876586914062,3.120405435562134,pca_entity_mean
trout,T3,4,-4.407360553741455,-13.542716979980469,pca_entity_mean
tuna,T3,4,-6.142171859741211,7.738570213317871,pca_entity_mean
whale,T2,4,-0.7652695178985596,-10.878561019897461,pca_entity_mean
woman,T1,4,17.59675407409668,4.107097148895264,pca_entity_mean
woodlouse,T5,4,-5.217041969299316,9.590633392333984,pca_entity_mean
worker,T1,4,15.00949764251709,3.699565887451172,pca_entity_mean
zebrafish,T3,4,-1.4143112897872925,-14.059683799743652,pca_entity_mean
ant,T5,5,4.0166521072387695,14.75344467163086,pca_entity_mean
aphid,T5,5,4.856784343719482,9.985628128051758,pca_entity_mean
bacterium,T6,5,-2.5056869983673096,-6.074343681335449,pca_entity_mean
bee,T4,5,5.1760053634643555,-1.2660025358200073,pca_entity_mean
beetle,T5,5,6.201567649841309,0.1509924829006195,pca_entity_mean
bumblebee,T4,5,4.871589660644531,8.225424766540527,pca_entity_mean
chicken,T3,5,5.132493019104004,-10.65174674987793,pca_entity_mean
child,T1,5,-20.438066482543945,1.0720239877700806,pca_entity_mean
chimpanzee,T2,5,5.882481575012207,12.783848762512207,pca_entity_mean
cloud,T6,5,-0.5767055153846741,10.478692054748535,pca_entity_mean
cockroach,T5,5,5.625958442687988,8.611261367797852,pca_entity_mean
cow,T2,5,1.7114845514297485,-3.4826574325561523,pca_entity_mean
crab,T4,5,6.346317768096924,-11.169018745422363,pca_entity_mean
crayfish,T4,5,5.2628583908081055,5.9842448234558105,pca_entity_mean
crow,T3,5,9.24421501159668,7.2437825202941895,pca_entity_mean
dog,T2,5,-2.7796151638031006,-7.659914493560791,pca_entity_mean
dolphin,T2,5,0.9856444001197815,4.914899826049805,pca_entity_mean
earthworm,T5,5,1.268933653831482,-0.33622339367866516,pca_entity_mean
elderly person,T1,5,-16.58515739440918,3.3670756816864014,pca_entity_mean
elephant,T2,5,-0.47028833627700806,-3.887033462524414,pca_entity_mean
fly,T5,5,5.846105575561523,-0.009670442901551723,pca_entity_mean
frog,T3,5,2.1217479705810547,-11.039299011230469,pca_entity_mean
gecko,T3,5,5.0262041091918945,7.574978828430176,pca_entity_mean
horse,T2,5,-1.099104642868042,-6.898642063140869,pca_entity_mean
infant,T1,5,-17.498762130737305,-4.912533760070801,pca_entity_mean
lobster,T4,5,8.420398712158203,5.169816493988037,pca_entity_mean
mantis shrimp,T4,5,7.1582770347595215,4.8211469650268555,pca_entity_mean
mite,T5,5,0.7202721834182739,14.041706085205078,pca_entity_mean
moss,T6,5,6.840054512023926,0.999038577079773,pca_entity_mean
moth,T5,5,4.183309078216553,-7.301872730255127,pca_entity_mean
mushroom,T6,5,8.816507339477539,-2.1544573307037354,pca_entity_mean
mussel,T4,5,5.4319963455200195,1.487988829612732,pca_entity_mean
nematode,T5,5,4.565077781677246,-1.1590912342071533,pca_entity_mean
oak tree,T6,5,1.3524340391159058,3.5291755199432373,pca_entity_mean
octopus,T4,5,4.476602077484131,3.7560060024261475,pca_entity_mean
patient,T1,5,-18.74622344970703,4.599603176116943,pca_entity_mean
pig,T2,5,3.39744234085083,-9.574101448059082,pca_entity_mean
pigeon,T3,5,2.778211832046509,-7.304441452026367,pca_entity_mean
prisoner,T1,5,-18.624544143676758,-1.8441452980041504,pca_entity_mean
rabbit,T2,5,2.799044609069824,-12.92548942565918,pca_entity_mean
rat,T2,5,0.5409761667251587,-7.9485883712768555,pca_entity_mean
refugee,T1,5,-12.04943561553955,2.0441300868988037,pca_entity_mean
river,T6,5,-0.4992128312587738,2.0804848670959473,pca_entity_mean
rock,T6,5,1.0306147336959839,6.160406112670898,pca_entity_mean
salmon,T3,5,7.798614501953125,-8.908975601196289,pca_entity_mean
seaweed,T6,5,4.352766513824463,2.7805404663085938,pca_entity_mean
shrimp,T4,5,6.262244701385498,-11.997036933898926,pca_entity_mean
snake,T3,5,2.244889497756958,-10.09988021850586,pca_entity_mean
soldier,T1,5,-15.85511302947998,-0.8986366391181946,pca_entity_mean
squid,T4,5,9.291893005371094,7.6437764167785645,pca_entity_mean
statue,T6,5,-8.773863792419434,0.24794445931911469,pca_entity_mean
table,T6,5,-3.795443534851074,12.560601234436035,pca_entity_mean
teenager,T1,5,-20.350181579589844,-0.7395226955413818,pca_entity_mean
trout,T3,5,6.817305564880371,-11.143573760986328,pca_entity_mean
tuna,T3,5,5.729904651641846,7.263256549835205,pca_entity_mean
whale,T2,5,1.8716821670532227,-12.063368797302246,pca_entity_mean
woman,T1,5,-17.093578338623047,2.0489277839660645,pca_entity_mean
woodlouse,T5,5,5.029252529144287,10.855443000793457,pca_entity_mean
worker,T1,5,-16.170272827148438,1.5998928546905518,pca_entity_mean
zebrafish,T3,5,2.4244489669799805,-15.385921478271484,pca_entity_mean
ant,T5,6,3.4238345623016357,14.941764831542969,pca_entity_mean
aphid,T5,6,3.437290906906128,7.108242034912109,pca_entity_mean
bacterium,T6,6,-5.571643352508545,-5.055275917053223,pca_entity_mean
bee,T4,6,7.814189434051514,0.2796351909637451,pca_entity_mean
beetle,T5,6,7.248373508453369,-0.04429401457309723,pca_entity_mean
bumblebee,T4,6,6.998373031616211,9.53505802154541,pca_entity_mean
chicken,T3,6,5.326079368591309,-11.075849533081055,pca_entity_mean
child,T1,6,-21.32794189453125,1.1348050832748413,pca_entity_mean
chimpanzee,T2,6,4.03257942199707,8.506690979003906,pca_entity_mean
cloud,T6,6,0.3784659504890442,8.837207794189453,pca_entity_mean
cockroach,T5,6,5.747637748718262,7.361879825592041,pca_entity_mean
cow,T2,6,2.0137555599212646,-3.501481294631958,pca_entity_mean
crab,T4,6,8.425124168395996,-11.259300231933594,pca_entity_mean
crayfish,T4,6,6.313741683959961,6.639860153198242,pca_entity_mean
crow,T3,6,13.749693870544434,8.497932434082031,pca_entity_mean
dog,T2,6,-3.8322091102600098,-7.153206825256348,pca_entity_mean
dolphin,T2,6,1.3186798095703125,5.729737281799316,pca_entity_mean
earthworm,T5,6,1.0140539407730103,1.374328851699829,pca_entity_mean
elderly person,T1,6,-16.14312744140625,3.669734001159668,pca_entity_mean
elephant,T2,6,0.14289993047714233,-2.7492477893829346,pca_entity_mean
fly,T5,6,9.319265365600586,1.4565603733062744,pca_entity_mean
frog,T3,6,-0.09228389710187912,-10.887289047241211,pca_entity_mean
gecko,T3,6,4.450674057006836,7.175809860229492,pca_entity_mean
horse,T2,6,-1.9446192979812622,-7.160456657409668,pca_entity_mean
infant,T1,6,-17.714174270629883,-3.256438970565796,pca_entity_mean
lobster,T4,6,8.533743858337402,1.7468092441558838,pca_entity_mean
mantis shrimp,T4,6,7.174168109893799,3.7413101196289062,pca_entity_mean
mite,T5,6,0.5745316743850708,14.050394058227539,pca_entity_mean
moss,T6,6,8.174166679382324,1.3718018531799316,pca_entity_mean
moth,T5,6,5.64004373550415,-4.8453145027160645,pca_entity_mean
mushroom,T6,6,8.858522415161133,-2.6362900733947754,pca_entity_mean
mussel,T4,6,4.925052165985107,-0.1647498905658722,pca_entity_mean
nematode,T5,6,3.941213607788086,-0.41758954524993896,pca_entity_mean
oak tree,T6,6,2.3261449337005615,5.830024242401123,pca_entity_mean
octopus,T4,6,4.527695655822754,3.9890713691711426,pca_entity_mean
patient,T1,6,-20.308650970458984,3.319121837615967,pca_entity_mean
pig,T2,6,3.5265097618103027,-9.715645790100098,pca_entity_mean
pigeon,T3,6,3.4652557373046875,-7.204225540161133,pca_entity_mean
prisoner,T1,6,-20.499576568603516,-1.5847210884094238,pca_entity_mean
rabbit,T2,6,3.8466219902038574,-9.10389518737793,pca_entity_mean
rat,T2,6,1.3989677429199219,-6.518692493438721,pca_entity_mean
refugee,T1,6,-9.003422737121582,3.0540597438812256,pca_entity_mean
river,T6,6,-0.5919740200042725,1.1890246868133545,pca_entity_mean
rock,T6,6,4.0841803550720215,7.0280232429504395,pca_entity_mean
salmon,T3,6,6.10545539855957,-11.203999519348145,pca_entity_mean
seaweed,T6,6,4.836750030517578,2.2599899768829346,pca_entity_mean
shrimp,T4,6,5.1201982498168945,-14.24498462677002,pca_entity_mean
snake,T3,6,1.868375539779663,-8.979722023010254,pca_entity_mean
soldier,T1,6,-17.655412673950195,-0.6793126463890076,pca_entity_mean
squid,T4,6,7.696695804595947,4.765801429748535,pca_entity_mean
statue,T6,6,-10.378835678100586,1.5466009378433228,pca_entity_mean
table,T6,6,-4.572481632232666,11.451000213623047,pca_entity_mean
teenager,T1,6,-21.974523544311523,-0.30598345398902893,pca_entity_mean
trout,T3,6,3.974088430404663,-13.395513534545898,pca_entity_mean
tuna,T3,6,6.370314598083496,8.354445457458496,pca_entity_mean
whale,T2,6,3.454824924468994,-11.764837265014648,pca_entity_mean
woman,T1,6,-19.398029327392578,1.7501826286315918,pca_entity_mean
woodlouse,T5,6,4.605461597442627,9.824607849121094,pca_entity_mean
worker,T1,6,-16.787677764892578,0.6875878572463989,pca_entity_mean
zebrafish,T3,6,1.612886905670166,-13.30078411102295,pca_entity_mean
ant,T5,7,-1.1528849601745605,-12.974340438842773,pca_entity_mean
aphid,T5,7,4.465240955352783,-6.5074028968811035,pca_entity_mean
bacterium,T6,7,-0.12343887239694595,-1.2884342670440674,pca_entity_mean
bee,T4,7,8.408799171447754,1.739341378211975,pca_entity_mean
beetle,T5,7,8.506413459777832,-1.6707829236984253,pca_entity_mean
bumblebee,T4,7,3.1771812438964844,-7.237671852111816,pca_entity_mean
chicken,T3,7,6.035898685455322,11.000008583068848,pca_entity_mean
child,T1,7,-21.336023330688477,3.7620465755462646,pca_entity_mean
chimpanzee,T2,7,2.2290773391723633,-5.085853099822998,pca_entity_mean
cloud,T6,7,-1.128267765045166,-12.746681213378906,pca_entity_mean
cockroach,T5,7,4.0185136795043945,-5.0162248611450195,pca_entity_mean
cow,T2,7,1.2641539573669434,7.012019157409668,pca_entity_mean
crab,T4,7,10.089729309082031,6.492980003356934,pca_entity_mean
crayfish,T4,7,4.123607158660889,-5.462468147277832,pca_entity_mean
crow,T3,7,7.682909965515137,0.2222924828529358,pca_entity_mean
dog,T2,7,-2.4994447231292725,11.06361198425293,pca_entity_mean
dolphin,T2,7,-0.5749262571334839,-3.8790669441223145,pca_entity_mean
earthworm,T5,7,1.6231611967086792,-3.123934030532837,pca_entity_mean
elderly person,T1,7,-17.640419006347656,-0.2662104666233063,pca_entity_mean
elephant,T2,7,0.3712090849876404,3.2493343353271484,pca_entity_mean
fly,T5,7,6.437966823577881,2.469831943511963,pca_entity_mean
frog,T3,7,4.412532329559326,7.959513187408447,pca_entity_mean
gecko,T3,7,2.1048548221588135,-7.4936652183532715,pca_entity_mean
horse,T2,7,-0.8040854334831238,10.389466285705566,pca_entity_mean
infant,T1,7,-17.140031814575195,7.868539810180664,pca_entity_mean
lobster,T4,7,6.078841686248779,-2.992506980895996,pca_entity_mean
mantis shrimp,T4,7,7.381404876708984,-3.592851161956787,pca_entity_mean
mite,T5,7,-2.6493496894836426,-10.695423126220703,pca_entity_mean
moss,T6,7,8.710848808288574,-9.492107391357422,pca_entity_mean
moth,T5,7,7.758057594299316,1.4716134071350098,pca_entity_mean
mushroom,T6,7,9.375476837158203,-4.495800971984863,pca_entity_mean
mussel,T4,7,6.212862968444824,-3.8400192260742188,pca_entity_mean
nematode,T5,7,6.5422186851501465,-1.6686384677886963,pca_entity_mean
oak tree,T6,7,2.0185658931732178,-11.078221321105957,pca_entity_mean
octopus,T4,7,3.5665550231933594,-5.921788692474365,pca_entity_mean
patient,T1,7,-20.55885887145996,0.9793803095817566,pca_entity_mean
pig,T2,7,3.76457142829895,15.104694366455078,pca_entity_mean
pigeon,T3,7,3.7551000118255615,11.049360275268555,pca_entity_mean
prisoner,T1,7,-17.740768432617188,3.5366697311401367,pca_entity_mean
rabbit,T2,7,3.869539499282837,12.51179313659668,pca_entity_mean
rat,T2,7,1.3189387321472168,11.198029518127441,pca_entity_mean
refugee,T1,7,-11.68656063079834,-2.0359792709350586,pca_entity_mean
river,T6,7,-0.6051009893417358,-5.705711841583252,pca_entity_mean
rock,T6,7,-0.5640201568603516,-10.867940902709961,pca_entity_mean
salmon,T3,7,9.109882354736328,7.5086750984191895,pca_entity_mean
seaweed,T6,7,4.705800533294678,-6.650445938110352,pca_entity_mean
shrimp,T4,7,9.352855682373047,7.4950432777404785,pca_entity_mean
snake,T3,7,5.122121334075928,5.040491104125977,pca_entity_mean
soldier,T1,7,-15.881752967834473,1.9676800966262817,pca_entity_mean
squid,T4,7,6.644278526306152,-3.2829782962799072,pca_entity_mean
statue,T6,7,-9.300178527832031,-4.405057430267334,pca_entity_mean
table,T6,7,-9.297850608825684,-8.681775093078613,pca_entity_mean
teenager,T1,7,-19.2857608795166,1.2045148611068726,pca_entity_mean
trout,T3,7,7.686081886291504,9.451974868774414,pca_entity_mean
tuna,T3,7,3.4969327449798584,-6.920378684997559,pca_entity_mean
whale,T2,7,4.668094158172607,9.34472370147705,pca_entity_mean
woman,T1,7,-18.751733779907227,0.8772568106651306,pca_entity_mean
woodlouse,T5,7,3.547374725341797,-10.857276916503906,pca_entity_mean
worker,T1,7,-16.653488159179688,2.373075246810913,pca_entity_mean
zebrafish,T3,7,5.7372894287109375,11.593687057495117,pca_entity_mean
ant,T5,8,0.6892257332801819,-16.292713165283203,pca_entity_mean
aphid,T5,8,-3.900289297103882,-8.069704055786133,pca_entity_mean
bacterium,T6,8,1.388637661933899,-1.3612592220306396,pca_entity_mean
bee,T4,8,-8.383716583251953,0.9452400207519531,pca_entity_mean
beetle,T5,8,-8.667791366577148,-2.398073434829712,pca_entity_mean
bumblebee,T4,8,-3.52618145942688,-9.249195098876953,pca_entity_mean
chicken,T3,8,-8.583966255187988,11.862257957458496,pca_entity_mean
child,T1,8,19.816213607788086,4.267937660217285,pca_entity_mean
chimpanzee,T2,8,-1.133480429649353,-7.168578624725342,pca_entity_mean
cloud,T6,8,2.9024598598480225,-9.397502899169922,pca_entity_mean
cockroach,T5,8,-4.492624759674072,-4.853804588317871,pca_entity_mean
cow,T2,8,-2.9061384201049805,9.893708229064941,pca_entity_mean
crab,T4,8,-10.614240646362305,6.073764801025391,pca_entity_mean
crayfish,T4,8,-3.266658067703247,-6.956271648406982,pca_entity_mean
crow,T3,8,-8.704692840576172,0.1563068926334381,pca_entity_mean
dog,T2,8,0.25302860140800476,10.968019485473633,pca_entity_mean
dolphin,T2,8,1.2920691967010498,-5.403544902801514,pca_entity_mean
earthworm,T5,8,0.06644299626350403,-2.3410134315490723,pca_entity_mean
elderly person,T1,8,17.34168815612793,-0.2530606687068939,pca_entity_mean
elephant,T2,8,-1.0149730443954468,4.318784713745117,pca_entity_mean
fly,T5,8,-7.492986679077148,2.1953423023223877,pca_entity_mean
frog,T3,8,-3.0589182376861572,6.875846862792969,pca_entity_mean
gecko,T3,8,-0.33606240153312683,-9.547062873840332,pca_entity_mean
horse,T2,8,-0.3043483793735504,12.899649620056152,pca_entity_mean
infant,T1,8,15.708876609802246,6.340938091278076,pca_entity_mean
lobster,T4,8,-6.745283603668213,-3.333885431289673,pca_entity_mean
mantis shrimp,T4,8,-6.284358978271484,-4.448512077331543,pca_entity_mean
mite,T5,8,2.7757389545440674,-11.621070861816406,pca_entity_mean
moss,T6,8,-8.47950267791748,-9.453409194946289,pca_entity_mean
moth,T5,8,-6.520806789398193,1.0685549974441528,pca_entity_mean
mushroom,T6,8,-9.750375747680664,-3.6043007373809814,pca_entity_mean
mussel,T4,8,-5.798342227935791,-3.7917263507843018,pca_entity_mean
nematode,T5,8,-5.453916549682617,-4.014349937438965,pca_entity_mean
oak tree,T6,8,-1.7923563718795776,-8.483580589294434,pca_entity_mean
octopus,T4,8,-2.243072509765625,-6.358497619628906,pca_entity_mean
patient,T1,8,20.320707321166992,2.6916391849517822,pca_entity_mean
pig,T2,8,-5.848917007446289,14.742545127868652,pca_entity_mean
pigeon,T3,8,-4.954234600067139,11.128725051879883,pca_entity_mean
prisoner,T1,8,17.568092346191406,3.6991169452667236,pca_entity_mean
rabbit,T2,8,-5.314117908477783,11.651324272155762,pca_entity_mean
rat,T2,8,-2.980855941772461,9.841891288757324,pca_entity_mean
refugee,T1,8,11.713262557983398,-0.9938279390335083,pca_entity_mean
river,T6,8,3.301748275756836,-2.1841108798980713,pca_entity_mean
rock,T6,8,0.7658085823059082,-8.204007148742676,pca_entity_mean
salmon,T3,8,-9.451769828796387,7.088794708251953,pca_entity_mean
seaweed,T6,8,-2.9310851097106934,-5.662770748138428,pca_entity_mean
shrimp,T4,8,-9.251666069030762,7.320227146148682,pca_entity_mean
snake,T3,8,-4.911994934082031,5.215099334716797,pca_entity_mean
soldier,T1,8,15.846657752990723,3.0576348304748535,pca_entity_mean
squid,T4,8,-6.695560455322266,-5.155625820159912,pca_entity_mean
statue,T6,8,9.458307266235352,-3.485821008682251,pca_entity_mean
table,T6,8,7.602291584014893,-5.4828081130981445,pca_entity_mean
teenager,T1,8,19.573535919189453,1.6216455698013306,pca_entity_mean
trout,T3,8,-6.860012054443359,8.468829154968262,pca_entity_mean
tuna,T3,8,-2.991858720779419,-7.520925521850586,pca_entity_mean
whale,T2,8,-4.266636371612549,9.976048469543457,pca_entity_mean
woman,T1,8,18.742406845092773,2.7420895099639893,pca_entity_mean
woodlouse,T5,8,-2.9562594890594482,-10.44559383392334,pca_entity_mean
worker,T1,8,16.35057830810547,2.8698182106018066,pca_entity_mean
zebrafish,T3,8,-4.607715606689453,7.5548176765441895,pca_entity_mean
ant,T5,9,2.5998764038085938,18.18826675415039,pca_entity_mean
aphid,T5,9,5.633924961090088,5.423366069793701,pca_entity_mean
bacterium,T6,9,-5.481805324554443,0.5282989740371704,pca_entity_mean
bee,T4,9,8.664190292358398,-3.388561725616455,pca_entity_mean
beetle,T5,9,7.716684341430664,-0.5450365543365479,pca_entity_mean
bumblebee,T4,9,5.3987884521484375,6.24208927154541,pca_entity_mean
chicken,T3,9,7.726318836212158,-11.359872817993164,pca_entity_mean
child,T1,9,-20.813356399536133,-2.6403391361236572,pca_entity_mean
chimpanzee,T2,9,4.518412113189697,5.854946613311768,pca_entity_mean
cloud,T6,9,0.8424222469329834,11.525495529174805,pca_entity_mean
cockroach,T5,9,5.72076416015625,3.9146244525909424,pca_entity_mean
cow,T2,9,4.739941120147705,-8.680625915527344,pca_entity_mean
crab,T4,9,8.634255409240723,-7.132593631744385,pca_entity_mean
crayfish,T4,9,5.171586036682129,5.931326866149902,pca_entity_mean
crow,T3,9,9.864927291870117,-2.6413660049438477,pca_entity_mean
dog,T2,9,-2.194509267807007,-10.339092254638672,pca_entity_mean
dolphin,T2,9,-1.2101831436157227,6.637603282928467,pca_entity_mean
earthworm,T5,9,-0.24421674013137817,1.9427589178085327,pca_entity_mean
elderly person,T1,9,-17.735950469970703,0.8243824243545532,pca_entity_mean
elephant,T2,9,1.0899378061294556,-4.965439319610596,pca_entity_mean
fly,T5,9,7.8137736320495605,-3.0110855102539062,pca_entity_mean
frog,T3,9,1.0047425031661987,-8.553404808044434,pca_entity_mean
gecko,T3,9,2.1927332878112793,7.988502502441406,pca_entity_mean
horse,T2,9,-1.330108404159546,-10.482792854309082,pca_entity_mean
infant,T1,9,-14.68039608001709,-6.476799011230469,pca_entity_mean
lobster,T4,9,8.702295303344727,3.0778138637542725,pca_entity_mean
mantis shrimp,T4,9,6.234248638153076,2.3190643787384033,pca_entity_mean
mite,T5,9,0.09293874353170395,11.47269058227539,pca_entity_mean
moss,T6,9,8.298929214477539,8.954707145690918,pca_entity_mean
moth,T5,9,6.701375961303711,-3.3955328464508057,pca_entity_mean
mushroom,T6,9,10.251248359680176,3.0136642456054688,pca_entity_mean
mussel,T4,9,6.539786338806152,2.2065389156341553,pca_entity_mean
nematode,T5,9,6.12860107421875,0.345701664686203,pca_entity_mean
oak tree,T6,9,3.116504192352295,8.923580169677734,pca_entity_mean
octopus,T4,9,3.3982160091400146,3.9714195728302,pca_entity_mean
patient,T1,9,-23.001819610595703,-1.0277624130249023,pca_entity_mean
pig,T2,9,6.373624801635742,-15.158590316772461,pca_entity_mean
pigeon,T3,9,4.660158634185791,-11.869485855102539,pca_entity_mean
prisoner,T1,9,-20.542251586914062,-1.324677586555481,pca_entity_mean
rabbit,T2,9,4.732341766357422,-12.492735862731934,pca_entity_mean
rat,T2,9,3.5642192363739014,-10.882818222045898,pca_entity_mean
refugee,T1,9,-10.23619556427002,1.566400170326233,pca_entity_mean
river,T6,9,-2.790739059448242,7.764679431915283,pca_entity_mean
rock,T6,9,2.3143796920776367,11.03722858428955,pca_entity_mean
salmon,T3,9,7.539675235748291,-7.378390789031982,pca_entity_mean
seaweed,T6,9,3.064262628555298,7.26935338973999,pca_entity_mean
shrimp,T4,9,6.031050205230713,-7.667631149291992,pca_entity_mean
snake,T3,9,2.796660900115967,-4.2398858070373535,pca_entity_mean
soldier,T1,9,-18.365251541137695,-0.5976786613464355,pca_entity_mean
squid,T4,9,7.0421977043151855,3.092705249786377,pca_entity_mean
statue,T6,9,-9.908095359802246,7.5322370529174805,pca_entity_mean
table,T6,9,-2.915815591812134,11.589598655700684,pca_entity_mean
teenager,T1,9,-22.6055965423584,-2.062511682510376,pca_entity_mean
trout,T3,9,2.165097951889038,-8.420970916748047,pca_entity_mean
tuna,T3,9,5.144946098327637,8.318010330200195,pca_entity_mean
whale,T2,9,2.1822569370269775,-8.564480781555176,pca_entity_mean
woman,T1,9,-23.123491287231445,-1.223435401916504,pca_entity_mean
woodlouse,T5,9,4.365970611572266,10.154054641723633,pca_entity_mean
worker,T1,9,-17.58391761779785,-1.0885796546936035,pca_entity_mean
zebrafish,T3,9,3.9894378185272217,-9.99892807006836,pca_entity_mean
ant,T5,10,8.573352813720703,29.874147415161133,pca_entity_mean
aphid,T5,10,8.361135482788086,9.893540382385254,pca_entity_mean
bacterium,T6,10,-5.018258571624756,0.29156678915023804,pca_entity_mean
bee,T4,10,8.075403213500977,-3.9066460132598877,pca_entity_mean
beetle,T5,10,8.795608520507812,1.345597267150879,pca_entity_mean
bumblebee,T4,10,6.108938217163086,7.055953502655029,pca_entity_mean
chicken,T3,10,6.850939750671387,-10.247424125671387,pca_entity_mean
child,T1,10,-19.616472244262695,0.9366790056228638,pca_entity_mean
chimpanzee,T2,10,6.084052562713623,13.125514030456543,pca_entity_mean
cloud,T6,10,0.37284430861473083,2.8874542713165283,pca_entity_mean
cockroach,T5,10,4.193004608154297,6.98291540145874,pca_entity_mean
cow,T2,10,3.84214186668396,-4.0220255851745605,pca_entity_mean
crab,T4,10,9.148651123046875,-9.845525741577148,pca_entity_mean
crayfish,T4,10,5.242620944976807,5.428375244140625,pca_entity_mean
crow,T3,10,8.523229598999023,2.5059876441955566,pca_entity_mean
dog,T2,10,-2.6329729557037354,-9.52599811553955,pca_entity_mean
dolphin,T2,10,0.42932742834091187,9.089705467224121,pca_entity_mean
earthworm,T5,10,-0.8950556516647339,-4.468423843383789,pca_entity_mean
elderly person,T1,10,-17.835847854614258,1.448107361793518,pca_entity_mean
elephant,T2,10,1.424552083015442,-6.153810024261475,pca_entity_mean
fly,T5,10,7.529575347900391,-1.414858341217041,pca_entity_mean
frog,T3,10,0.27806687355041504,-10.314253807067871,pca_entity_mean
gecko,T3,10,2.938046932220459,9.724047660827637,pca_entity_mean
horse,T2,10,-2.431347370147705,-11.099339485168457,pca_entity_mean
infant,T1,10,-13.2808837890625,-2.9763050079345703,pca_entity_mean
lobster,T4,10,9.252775192260742,2.8162107467651367,pca_entity_mean
mantis shrimp,T4,10,8.07546615600586,3.8001089096069336,pca_entity_mean
mite,T5,10,2.038982391357422,10.902865409851074,pca_entity_mean
moss,T6,10,8.046343803405762,0.5343562960624695,pca_entity_mean
moth,T5,10,6.354507923126221,-4.857847690582275,pca_entity_mean
mushroom,T6,10,9.085967063903809,-2.779843807220459,pca_entity_mean
mussel,T4,10,7.347217559814453,0.8341799974441528,pca_entity_mean
nematode,T5,10,9.161700248718262,6.093438625335693,pca_entity_mean
oak tree,T6,10,0.31530994176864624,0.9002463221549988,pca_entity_mean
octopus,T4,10,4.876857757568359,6.982442855834961,pca_entity_mean
patient,T1,10,-22.61891746520996,1.7209609746932983,pca_entity_mean
pig,T2,10,5.889289855957031,-10.715045928955078,pca_entity_mean
pigeon,T3,10,4.060606002807617,-9.925978660583496,pca_entity_mean
prisoner,T1,10,-20.40214729309082,3.2268178462982178,pca_entity_mean
rabbit,T2,10,2.365211009979248,-13.25102424621582,pca_entity_mean
rat,T2,10,3.6920528411865234,-8.556780815124512,pca_entity_mean
refugee,T1,10,-6.853085517883301,5.045530319213867,pca_entity_mean
river,T6,10,-4.139962196350098,-0.398473858833313,pca_entity_mean
rock,T6,10,0.6977988481521606,2.76644229888916,pca_entity_mean
salmon,T3,10,7.018671035766602,-6.872241973876953,pca_entity_mean
seaweed,T6,10,3.4728801250457764,-0.7417265176773071,pca_entity_mean
shrimp,T4,10,5.725103855133057,-9.047285079956055,pca_entity_mean
snake,T3,10,1.3740270137786865,-8.29990005493164,pca_entity_mean
soldier,T1,10,-18.882566452026367,-0.3464251756668091,pca_entity_mean
squid,T4,10,7.19563627243042,4.8636651039123535,pca_entity_mean
statue,T6,10,-13.190760612487793,5.219620227813721,pca_entity_mean
table,T6,10,-4.289866924285889,4.002513885498047,pca_entity_mean
teenager,T1,10,-23.88078498840332,1.944382667541504,pca_entity_mean
trout,T3,10,0.029076922684907913,-10.165987968444824,pca_entity_mean
tuna,T3,10,6.548598766326904,8.058074951171875,pca_entity_mean
whale,T2,10,1.0766522884368896,-10.956294059753418,pca_entity_mean
woman,T1,10,-25.31916618347168,0.7564865946769714,pca_entity_mean
woodlouse,T5,10,3.276397705078125,6.920510768890381,pca_entity_mean
worker,T1,10,-16.49551773071289,1.8828442096710205,pca_entity_mean
zebrafish,T3,10,4.034992694854736,-8.971822738647461,pca_entity_mean
ant,T5,11,-38.415367126464844,10.193824768066406,pca_entity_mean
aphid,T5,11,-26.225141525268555,2.902963876724243,pca_entity_mean
bacterium,T6,11,42.102046966552734,-7.0639142990112305,pca_entity_mean
bee,T4,11,-18.431663513183594,-1.563281536102295,pca_entity_mean
beetle,T5,11,-11.18553352355957,-3.5428547859191895,pca_entity_mean
bumblebee,T4,11,-16.321975708007812,1.5603790283203125,pca_entity_mean
chicken,T3,11,-5.926316738128662,-5.632063388824463,pca_entity_mean
child,T1,11,19.818161010742188,7.580857753753662,pca_entity_mean
chimpanzee,T2,11,-38.983558654785156,6.403156280517578,pca_entity_mean
cloud,T6,11,4.167181015014648,-0.37241131067276,pca_entity_mean
cockroach,T5,11,-15.592354774475098,2.4619669914245605,pca_entity_mean
cow,T2,11,-27.611276626586914,1.626022458076477,pca_entity_mean
crab,T4,11,-5.726840019226074,-8.2719087600708,pca_entity_mean
crayfish,T4,11,-10.624116897583008,0.24375587701797485,pca_entity_mean
crow,T3,11,-38.27952575683594,5.7111287117004395,pca_entity_mean
dog,T2,11,0.9998363852500916,-0.6459577679634094,pca_entity_mean
dolphin,T2,11,-2.2119321823120117,1.9760912656784058,pca_entity_mean
earthworm,T5,11,25.076087951660156,-4.428697109222412,pca_entity_mean
elderly person,T1,11,41.14599609375,4.955935955047607,pca_entity_mean
elephant,T2,11,0.08241739869117737,-0.9174115061759949,pca_entity_mean
fly,T5,11,-19.399349212646484,-1.8749011754989624,pca_entity_mean
frog,T3,11,15.36032772064209,-6.115624904632568,pca_entity_mean
gecko,T3,11,-9.826580047607422,3.1164939403533936,pca_entity_mean
horse,T2,11,6.296482086181641,-2.9032657146453857,pca_entity_mean
infant,T1,11,7.2744364738464355,7.355522632598877,pca_entity_mean
lobster,T4,11,-12.025347709655762,-2.0891964435577393,pca_entity_mean
mantis shrimp,T4,11,-13.317822456359863,-1.920284628868103,pca_entity_mean
mite,T5,11,-4.740740776062012,3.995453357696533,pca_entity_mean
moss,T6,11,-0.42665135860443115,-5.587841987609863,pca_entity_mean
moth,T5,11,-10.496834754943848,-3.8928043842315674,pca_entity_mean
mushroom,T6,11,-11.632772445678711,-5.11245584487915,pca_entity_mean
mussel,T4,11,-18.162864685058594,-1.5499844551086426,pca_entity_mean
nematode,T5,11,-17.059764862060547,0.05639246106147766,pca_entity_mean
oak tree,T6,11,7.920783519744873,-2.4756648540496826,pca_entity_mean
octopus,T4,11,-11.154243469238281,0.3123469650745392,pca_entity_mean
patient,T1,11,31.745925903320312,8.127103805541992,pca_entity_mean
pig,T2,11,-20.893878936767578,-1.1912219524383545,pca_entity_mean
pigeon,T3,11,-11.390975952148438,-1.7975380420684814,pca_entity_mean
prisoner,T1,11,40.993682861328125,5.844889163970947,pca_entity_mean
rabbit,T2,11,-6.061959266662598,-2.1713387966156006,pca_entity_mean
rat,T2,11,-19.664840698242188,1.8543211221694946,pca_entity_mean
refugee,T1,11,-13.907825469970703,10.107744216918945,pca_entity_mean
river,T6,11,7.80609130859375,-1.1303786039352417,pca_entity_mean
rock,T6,11,-5.771663188934326,0.6982057690620422,pca_entity_mean
salmon,T3,11,-19.88133430480957,-3.4495205879211426,pca_entity_mean
seaweed,T6,11,7.054895401000977,-4.967942237854004,pca_entity_mean
shrimp,T4,11,2.4553868770599365,-8.524703979492188,pca_entity_mean
snake,T3,11,12.496208190917969,-6.881433010101318,pca_entity_mean
soldier,T1,11,42.69908905029297,4.419637680053711,pca_entity_mean
squid,T4,11,-19.435041427612305,0.8994400501251221,pca_entity_mean
statue,T6,11,50.254249572753906,-0.5376560688018799,pca_entity_mean
table,T6,11,4.349762916564941,2.290523052215576,pca_entity_mean
teenager,T1,11,53.96384811401367,4.656678676605225,pca_entity_mean
trout,T3,11,15.333181381225586,-6.479630947113037,pca_entity_mean
tuna,T3,11,-22.92555809020996,1.8470759391784668,pca_entity_mean
whale,T2,11,4.806450843811035,-5.063753604888916,pca_entity_mean
woman,T1,11,64.5904312133789,3.8488643169403076,pca_entity_mean
woodlouse,T5,11,-7.720803260803223,0.08627048134803772,pca_entity_mean
worker,T1,11,15.849035263061523,8.0277681350708,pca_entity_mean
zebrafish,T3,11,6.79044246673584,-5.00516414642334,pca_entity_mean
ant,T5,all_concat,4.242210865020752,6.455657005310059,umap_all_layers
aphid,T5,all_concat,3.9998607635498047,6.020512104034424,umap_all_layers
bacterium,T6,all_concat,8.940142631530762,4.512490272521973,umap_all_layers
bee,T4,all_concat,4.800032138824463,5.255685329437256,umap_all_layers
beetle,T5,all_concat,4.677168369293213,5.582678318023682,umap_all_layers
bumblebee,T4,all_concat,4.305625915527344,6.969662189483643,umap_all_layers
chicken,T3,all_concat,5.873650074005127,4.323503017425537,umap_all_layers
child,T1,all_concat,9.716307640075684,3.9119465351104736,umap_all_layers
chimpanzee,T2,all_concat,4.228480339050293,6.630852699279785,umap_all_layers
cloud,T6,all_concat,8.131978988647461,5.655757904052734,umap_all_layers
cockroach,T5,all_concat,4.5622663497924805,6.546586036682129,umap_all_layers
cow,T2,all_concat,5.1565985679626465,3.3952901363372803,umap_all_layers
crab,T4,all_concat,6.302043437957764,4.673335075378418,umap_all_layers
crayfish,T4,all_concat,3.9734978675842285,7.116218566894531,umap_all_layers
crow,T3,all_concat,4.600840091705322,4.721611499786377,umap_all_layers
dog,T2,all_concat,5.687376976013184,3.3165502548217773,umap_all_layers
dolphin,T2,all_concat,4.3573431968688965,7.374816417694092,umap_all_layers
earthworm,T5,all_concat,8.42613697052002,4.922763824462891,umap_all_layers
elderly person,T1,all_concat,9.528847694396973,4.6899261474609375,umap_all_layers
elephant,T2,all_concat,6.264700889587402,3.3643271923065186,umap_all_layers
fly,T5,all_concat,4.707935333251953,5.120284080505371,umap_all_layers
frog,T3,all_concat,6.7274017333984375,3.9524550437927246,umap_all_layers
gecko,T3,all_concat,4.406931400299072,6.2268571853637695,umap_all_layers
horse,T2,all_concat,5.54709005355835,3.440673351287842,umap_all_layers
infant,T1,all_concat,9.831367492675781,3.960275411605835,umap_all_layers
lobster,T4,all_concat,5.167098045349121,6.516145706176758,umap_all_layers
mantis shrimp,T4,all_concat,3.8639883995056152,6.403738021850586,umap_all_layers
mite,T5,all_concat,4.5038604736328125,7.157530307769775,umap_all_layers
moss,T6,all_concat,7.222334861755371,5.68547248840332,umap_all_layers
moth,T5,all_concat,5.134371757507324,5.522916793823242,umap_all_layers
mushroom,T6,all_concat,6.672365188598633,5.522892475128174,umap_all_layers
mussel,T4,all_concat,5.008531093597412,6.6249494552612305,umap_all_layers
nematode,T5,all_concat,4.326842308044434,5.841087818145752,umap_all_layers
oak tree,T6,all_concat,7.806880474090576,5.745326995849609,umap_all_layers
octopus,T4,all_concat,3.584327459335327,6.665380954742432,umap_all_layers
patient,T1,all_concat,9.952347755432129,4.798178195953369,umap_all_layers
pig,T2,all_concat,5.080818176269531,3.7808964252471924,umap_all_layers
pigeon,T3,all_concat,5.323590278625488,3.6156961917877197,umap_all_layers
prisoner,T1,all_concat,9.847503662109375,4.416651725769043,umap_all_layers
rabbit,T2,all_concat,5.5841264724731445,3.9458200931549072,umap_all_layers
rat,T2,all_concat,5.329067707061768,4.198337554931641,umap_all_layers
refugee,T1,all_concat,10.264752388000488,4.202918529510498,umap_all_layers
river,T6,all_concat,8.027563095092773,5.1610260009765625,umap_all_layers
rock,T6,all_concat,7.609348297119141,5.840179920196533,umap_all_layers
salmon,T3,all_concat,6.178152561187744,4.5539960861206055,umap_all_layers
seaweed,T6,all_concat,7.852799892425537,5.271926403045654,umap_all_layers
shrimp,T4,all_concat,6.539762020111084,4.769826412200928,umap_all_layers
snake,T3,all_concat,6.673922538757324,3.5875306129455566,umap_all_layers
soldier,T1,all_concat,9.720479965209961,4.557281970977783,umap_all_layers
squid,T4,all_concat,3.7631137371063232,6.905659198760986,umap_all_layers
statue,T6,all_concat,9.221761703491211,4.900821208953857,umap_all_layers
table,T6,all_concat,8.75369930267334,5.558026313781738,umap_all_layers
teenager,T1,all_concat,9.536879539489746,4.283596515655518,umap_all_layers
trout,T3,all_concat,6.613684177398682,4.377773284912109,umap_all_layers
tuna,T3,all_concat,4.0676589012146,7.533442974090576,umap_all_layers
whale,T2,all_concat,6.361561298370361,3.8201310634613037,umap_all_layers
woman,T1,all_concat,9.37084674835205,4.50502347946167,umap_all_layers
woodlouse,T5,all_concat,5.112001895904541,7.113597869873047,umap_all_layers
worker,T1,all_concat,10.09178352355957,4.676149845123291,umap_all_layers
zebrafish,T3,all_concat,6.377810955047607,4.292998313903809,umap_all_layers
