entity,tier,tier_rank,prompt_id,group,welfare_neg_mean,welfare_pos_mean,neutral_mean,salience_index,suffering_bias
ant,T5,5,P01,appearance_state,0.0005791667790617794,0.001002777735266136,,-0.0004236109562043566,0.3661106550862634
ant,T5,5,P02,researcher_observation,0.00018184478722105268,0.0010011165541072842,0.0015406616148538888,-0.0008192717668862315,0.15371996150344577
ant,T5,5,P03,moral_framing,0.001237623121899863,,0.001896727519730727,,
ant,T5,5,P04,care_intervention,0.007299147779121995,,0.0036855831276625395,,
ant,T5,5,P05,emotional_attribution,0.005632740736473352,0.005372008308768272,0.0014266037906054407,0.0002607324277050793,0.5118463548902348
ant,T5,5,P06,policy_framing,0.01415085700379374,,0.0016739619477448286,,
ant,T5,5,P07,consciousness_probe,0.0002739371848292649,,0.0023669120855629444,,
ant,T5,5,P08,neutral_baseline,,,0.0024566451262217014,,
aphid,T5,5,P01,appearance_state,0.0003115931394859217,0.0007193729779828573,,-0.00040777983849693555,0.3022340928405423
aphid,T5,5,P02,researcher_observation,0.000417183802104167,0.001118017926273751,0.00574759254232049,-0.0007008341241695841,0.27174524833973135
aphid,T5,5,P03,moral_framing,0.000218046763620805,,0.0040314243524335325,,
aphid,T5,5,P04,care_intervention,0.008678719634190202,,0.01616327278316021,,
aphid,T5,5,P05,emotional_attribution,0.002102769387420267,0.0033601338509470224,0.0035160929255653173,-0.0012573644635267556,0.3849179194974968
aphid,T5,5,P06,policy_framing,0.0050859875870325295,,0.02614967597037321,,
aphid,T5,5,P07,consciousness_probe,0.00019145333499182016,,0.0036480570173201463,,
aphid,T5,5,P08,neutral_baseline,,,0.00275410424801521,,
bacterium,T6,6,P01,appearance_state,5.5933859357537585e-05,0.000510981115667164,,-0.0004550472563096264,0.0986635597141255
bacterium,T6,6,P02,researcher_observation,8.011385110269961e-06,0.0003240189771531732,0.0002314832563570235,-0.00031600759204290324,0.024128464164572597
bacterium,T6,6,P03,moral_framing,8.349500785698183e-05,,0.007174113920579354,,
bacterium,T6,6,P04,care_intervention,0.005276253214105964,,0.008118750993162394,,
bacterium,T6,6,P05,emotional_attribution,0.0007671655597126422,0.0009387340396642685,0.0028188393625896424,-0.00017156847995162627,0.4497131689470686
bacterium,T6,6,P06,policy_framing,0.008209093203428589,,0.005731023456064577,,
bacterium,T6,6,P07,consciousness_probe,6.011568439134862e-05,,0.004242522971859823,,
bacterium,T6,6,P08,neutral_baseline,,,0.002280016615986824,,
bee,T4,4,P01,appearance_state,0.0005543878578464501,0.0007113381107046735,,-0.0001569502528582234,0.4379998734489665
bee,T4,4,P02,researcher_observation,0.00011290088908329683,0.001055332410032861,0.0008218105358537287,-0.0009424315209495641,0.09664240824540155
bee,T4,4,P03,moral_framing,0.0003247077402193099,,0.012273376807570457,,
bee,T4,4,P04,care_intervention,0.025932700373232365,,0.007803842658177018,,
bee,T4,4,P05,emotional_attribution,0.0012657336677269389,0.0010791472159326077,0.005225951550528407,0.0001865864517943312,0.5397858895812987
bee,T4,4,P06,policy_framing,0.008950293976037452,,0.022609931969782338,,
bee,T4,4,P07,consciousness_probe,0.00030135248380247504,,0.004566898588867237,,
bee,T4,4,P08,neutral_baseline,,,0.002856028129463084,,
beetle,T5,5,P01,appearance_state,0.0006577350177394692,0.0006190755066199927,,3.865951111947652e-05,0.5151390544462577
beetle,T5,5,P02,researcher_observation,0.0001987937954860778,0.0002484457272657892,0.0068295239470899105,-4.965193177971136e-05,0.44449057143662474
beetle,T5,5,P03,moral_framing,0.0006390528190725794,,0.005364531263088186,,
beetle,T5,5,P04,care_intervention,0.007379636634141207,,0.01041077496483922,,
beetle,T5,5,P05,emotional_attribution,0.0015621853817719966,0.0023057316429913044,0.004039230465423316,-0.0007435462612193078,0.4038828473781209
beetle,T5,5,P06,policy_framing,0.007941720565819802,,0.014778486227442045,,
beetle,T5,5,P07,consciousness_probe,0.000252212630584836,,0.0026934168417938054,,
beetle,T5,5,P08,neutral_baseline,,,0.001859488607442472,,
bumblebee,T4,4,P01,appearance_state,0.0005830506415804848,0.0010514464593143202,,-0.00046839581773383543,0.3567155950229183
bumblebee,T4,4,P02,researcher_observation,0.00013241515292368908,0.0007782338489050744,0.002565173665061593,-0.0006458186959813853,0.1454074381205376
bumblebee,T4,4,P03,moral_framing,0.0004471102826452504,,0.002786077558994293,,
bumblebee,T4,4,P04,care_intervention,0.012425234308466315,,0.009946738369762897,,
bumblebee,T4,4,P05,emotional_attribution,0.0023075165857638544,0.0021801372058689594,0.004029750940389931,0.000127379379894895,0.5141921907271406
bumblebee,T4,4,P06,policy_framing,0.008259978465503082,,0.030658375624625478,,
bumblebee,T4,4,P07,consciousness_probe,0.00023683260224061087,,0.005821779738956441,,
bumblebee,T4,4,P08,neutral_baseline,,,0.002368035586550832,,
chicken,T3,3,P01,appearance_state,0.0003061275201616809,0.004487350541239721,,-0.00418122302107804,0.06386333886460906
chicken,T3,3,P02,researcher_observation,6.67092881485587e-05,0.0034807700030796696,0.0005466675211209804,-0.003414060714931111,0.01880470068790512
chicken,T3,3,P03,moral_framing,0.00090757434857854,,0.006826212319235007,,
chicken,T3,3,P04,care_intervention,0.01301031606271863,,0.004164841491729021,,
chicken,T3,3,P05,emotional_attribution,0.0018348651841127623,0.001611475832760334,0.006961272098124027,0.00022338935135242832,0.53240962571272
chicken,T3,3,P06,policy_framing,0.004842035996261984,,0.01757618860574439,,
chicken,T3,3,P07,consciousness_probe,0.0001403041933372151,,0.007034545065835118,,
chicken,T3,3,P08,neutral_baseline,,,0.0045746935065835714,,
child,T1,1,P01,appearance_state,0.00603772398608271,0.00435283815022558,,0.0016848858358571306,0.5810776980849769
child,T1,1,P02,researcher_observation,0.0009463813864082719,0.0044588227465283126,0.005630656145513058,-0.003512441360120041,0.17508707268478435
child,T1,1,P03,moral_framing,0.005409699399024248,,0.008275389360884825,,
child,T1,1,P04,care_intervention,0.03457355406135321,,0.0038475815672427416,,
child,T1,1,P05,emotional_attribution,0.0060630989804243045,0.0052709924057126045,0.0023012086167000234,0.0007921065747117,0.5349435363072793
child,T1,1,P06,policy_framing,0.044955100815665595,,0.0013914003370132377,,
child,T1,1,P07,consciousness_probe,0.001499898364272667,,0.006037128194293473,,
child,T1,1,P08,neutral_baseline,,,0.002690798684488982,,
chimpanzee,T2,2,P01,appearance_state,0.0020079598216398153,0.0032117217779159546,,-0.0012037619562761392,0.3846900897828131
chimpanzee,T2,2,P02,researcher_observation,0.00025245258802897297,0.001373593659081962,0.004726156417746097,-0.001121141071052989,0.15525546887240707
chimpanzee,T2,2,P03,moral_framing,0.002789152592110137,,0.005124847715099652,,
chimpanzee,T2,2,P04,care_intervention,0.02926623821258545,,0.006253710365854204,,
chimpanzee,T2,2,P05,emotional_attribution,0.004871172869267563,0.007205156143754721,0.0016213274793699384,-0.0023339832744871574,0.40336536241090226
chimpanzee,T2,2,P06,policy_framing,0.006429191096685827,,0.02964350624824874,,
chimpanzee,T2,2,P07,consciousness_probe,0.0006452352608903311,,0.005743372079450637,,
chimpanzee,T2,2,P08,neutral_baseline,,,0.0020991886558476835,,
cloud,T6,6,P01,appearance_state,0.00010178317620557209,0.0005696557682313141,,-0.00046787259202574205,0.15158960005213024
cloud,T6,6,P02,researcher_observation,4.254722080077045e-05,0.0006227120857147384,0.0007903817968326621,-0.0005801648649139679,0.06395583494809039
cloud,T6,6,P03,moral_framing,0.00047369081100138527,,0.0008527225290890783,,
cloud,T6,6,P04,care_intervention,0.0031562239746563137,,0.001256075076526031,,
cloud,T6,6,P05,emotional_attribution,0.0012846340311322517,0.00019152778259012848,0.006644710316322744,0.0010931062485421232,0.8702527948935086
cloud,T6,6,P06,policy_framing,0.008604317976278253,,0.0028615870969588286,,
cloud,T6,6,P07,consciousness_probe,6.406510328815784e-05,,0.0014569840871748359,,
cloud,T6,6,P08,neutral_baseline,,,0.0028349605869152582,,
cockroach,T5,5,P01,appearance_state,0.0005994569473841693,0.0007344826499320334,,-0.00013502570254786406,0.4493883408599628
cockroach,T5,5,P02,researcher_observation,0.0003399718868119332,0.0018959949084091932,0.006676921155303717,-0.00155602302159726,0.15204692320738122
cockroach,T5,5,P03,moral_framing,0.0005029401169546569,,0.004879631916992366,,
cockroach,T5,5,P04,care_intervention,0.011006642132997513,,0.012578085530549288,,
cockroach,T5,5,P05,emotional_attribution,0.001152131745281319,0.002152246655896306,0.0038654126110486686,-0.0010001149106149871,0.34866821245529783
cockroach,T5,5,P06,policy_framing,0.010779379760303224,,0.017835572700278135,,
cockroach,T5,5,P07,consciousness_probe,0.00013489946286426857,,0.007824960863217711,,
cockroach,T5,5,P08,neutral_baseline,,,0.004830752784619108,,
cow,T2,2,P01,appearance_state,0.001427609175152611,0.0023814973246771842,,-0.0009538881495245732,0.374788454388859
cow,T2,2,P02,researcher_observation,0.00013839525430133412,0.0026952776388498023,0.00124180200509727,-0.002556882384548468,0.048839528991464216
cow,T2,2,P03,moral_framing,0.0007463757938239723,,0.00933570471048976,,
cow,T2,2,P04,care_intervention,0.040806565433740616,,0.005391836632043123,,
cow,T2,2,P05,emotional_attribution,0.003882241842802614,0.005185333546251059,0.004426854429766536,-0.0013030917034484446,0.4281455221949059
cow,T2,2,P06,policy_framing,0.009132840515424808,,0.010899132197664585,,
cow,T2,2,P07,consciousness_probe,0.00029723378975177184,,0.01985546703993653,,
cow,T2,2,P08,neutral_baseline,,,0.003102404822129756,,
crab,T4,4,P01,appearance_state,0.0006646419587923447,0.0015624992302036844,,-0.0008978572714113398,0.29842828655561315
crab,T4,4,P02,researcher_observation,0.00013143902712423974,0.0005836008986079833,0.0017897204379551113,-0.00045216187148374354,0.18382051688594933
crab,T4,4,P03,moral_framing,0.001174895480896036,,0.009532343964868536,,
crab,T4,4,P04,care_intervention,0.021257971413433552,,0.009866839274764061,,
crab,T4,4,P05,emotional_attribution,0.003498514813448613,0.003426980460062623,0.007252513314597309,7.153435338599001e-05,0.5051645586003563
crab,T4,4,P06,policy_framing,0.0070719020926238345,,0.010116369398019742,,
crab,T4,4,P07,consciousness_probe,0.0003620589086494874,,0.009713417714616904,,
crab,T4,4,P08,neutral_baseline,,,0.003792777773924172,,
crayfish,T4,4,P01,appearance_state,0.0005677518265656545,0.0017305621986452024,,-0.001162810372079548,0.24702969030117525
crayfish,T4,4,P02,researcher_observation,8.620284582624056e-05,0.00169645833557297,0.002343128900974989,-0.0016102554897467296,0.04835626752300356
crayfish,T4,4,P03,moral_framing,0.0007231606480975946,,0.009672812147376439,,
crayfish,T4,4,P04,care_intervention,0.02338757086545229,,0.010171328438445926,,
crayfish,T4,4,P05,emotional_attribution,0.001186271775319862,0.0022624991834163666,0.004395361815113574,-0.0010762274080965046,0.3439694184149645
crayfish,T4,4,P06,policy_framing,0.007882770301269678,,0.03764138321275823,,
crayfish,T4,4,P07,consciousness_probe,0.00015975341375451535,,0.009694120497442782,,
crayfish,T4,4,P08,neutral_baseline,,,0.002516445568471681,,
crow,T3,3,P01,appearance_state,0.0007440994013450108,0.0007230600713228341,,2.1039330022176728e-05,0.5071700551235608
crow,T3,3,P02,researcher_observation,4.7881394256895265e-06,1.246904093932244e-05,7.293941905572865e-06,-7.680901513632914e-06,0.2774561996105234
crow,T3,3,P03,moral_framing,0.0007450350385624915,,0.009245229923787216,,
crow,T3,3,P04,care_intervention,0.011863333405926824,,0.009282515617087483,,
crow,T3,3,P05,emotional_attribution,0.0017907972602794568,0.0025236133951693773,0.005871869740076363,-0.0007328161348899205,0.4150734275863258
crow,T3,3,P06,policy_framing,0.006225976248970255,,0.0026161541436522384,,
crow,T3,3,P07,consciousness_probe,0.00022205838467925787,,0.00792197827831842,,
crow,T3,3,P08,neutral_baseline,,,0.0037240891717374323,,
dog,T2,2,P01,appearance_state,0.0027701502258423716,0.0025462970952503383,,0.00022385313059203327,0.5210528773127624
dog,T2,2,P02,researcher_observation,0.0005114056766615249,0.0020089967438252643,0.016327238641679287,-0.0014975910671637394,0.20290635027723758
dog,T2,2,P03,moral_framing,0.002032836026046425,,0.003439260646700859,,
dog,T2,2,P04,care_intervention,0.015968427527695894,,0.007385533303022385,,
dog,T2,2,P05,emotional_attribution,0.00476241764651301,0.007434256374835968,0.004538786597549915,-0.0026718387283229577,0.3904685489773729
dog,T2,2,P06,policy_framing,0.025519208516925573,,0.009088507373235188,,
dog,T2,2,P07,consciousness_probe,0.0004116389791306574,,0.01092128548771143,,
dog,T2,2,P08,neutral_baseline,,,0.003195615130243823,,
dolphin,T2,2,P01,appearance_state,0.0012649784584937152,0.0014526490704156458,,-0.00018767061192193069,0.4654715918535817
dolphin,T2,2,P02,researcher_observation,0.0003056195588821235,0.0022365599215845577,0.009606754872947931,-0.0019309403627024342,0.12021950031791984
dolphin,T2,2,P03,moral_framing,0.0020903247641399503,,0.006459900410845876,,
dolphin,T2,2,P04,care_intervention,0.025306186638772488,,0.009043755941092968,,
dolphin,T2,2,P05,emotional_attribution,0.003432231314945966,0.005500315222889185,0.002722518896916881,-0.002068083907943219,0.3842388351389325
dolphin,T2,2,P06,policy_framing,0.02320872385947344,,0.02396821069851285,,
dolphin,T2,2,P07,consciousness_probe,0.00033441630148445256,,0.010968157400687536,,
dolphin,T2,2,P08,neutral_baseline,,,0.0023115504081943072,,
earthworm,T5,5,P01,appearance_state,0.00046474913415295305,0.000837912448332645,,-0.00037316331417969195,0.35676886823458953
earthworm,T5,5,P02,researcher_observation,8.58556225769765e-05,0.0010157270926356432,0.0022122165537439287,-0.0009298714700586667,0.07793841860215045
earthworm,T5,5,P03,moral_framing,0.0005372097463502238,,0.005694792605936527,,
earthworm,T5,5,P04,care_intervention,0.024103634990751743,,0.00857872236520052,,
earthworm,T5,5,P05,emotional_attribution,0.0015672638304143522,0.0007501872605644166,0.007268859073519707,0.0008170765698499356,0.6762877408228921
earthworm,T5,5,P06,policy_framing,0.00497439149330603,,0.005968484445475042,,
earthworm,T5,5,P07,consciousness_probe,0.0001056364162650425,,0.005168153652145217,,
earthworm,T5,5,P08,neutral_baseline,,,0.0034801522248017135,,
elderly person,T1,1,P01,appearance_state,0.0034291014962946065,0.002959574921987951,,0.0004695265743066557,0.5367467716484788
elderly person,T1,1,P02,researcher_observation,0.0028565754376662276,0.0077296040108194575,0.0033123325556516647,-0.0048730285731532295,0.26984007068677107
elderly person,T1,1,P03,moral_framing,0.011949454434216022,,0.0019124054815620184,,
elderly person,T1,1,P04,care_intervention,0.03712869342416525,,0.0029853093437850475,,
elderly person,T1,1,P05,emotional_attribution,0.00907131612378483,0.009409872815012932,0.000797915126895532,-0.00033855669122810107,0.4908405029969293
elderly person,T1,1,P06,policy_framing,0.029323684265060972,,0.0010377591777341877,,
elderly person,T1,1,P07,consciousness_probe,0.0008930250805860851,,0.003280079618586266,,
elderly person,T1,1,P08,neutral_baseline,,,0.003379812033381313,,
elephant,T2,2,P01,appearance_state,0.0009583501050656196,0.0009758743326528929,,-1.7524227587273344e-05,0.49546993452788474
elephant,T2,2,P02,researcher_observation,0.00021799792254266018,0.0007378808004432358,0.005671205115504563,-0.0005198828779005756,0.22806020731968527
elephant,T2,2,P03,moral_framing,0.0011851209856104106,,0.005824896312939624,,
elephant,T2,2,P04,care_intervention,0.03771130181849003,,0.012775586219504476,,
elephant,T2,2,P05,emotional_attribution,0.003140603075735271,0.0036936479154974222,0.005217513768002391,-0.0005530448397621512,0.4595387312831084
elephant,T2,2,P06,policy_framing,0.010507299021507302,,0.005153388186954544,,
elephant,T2,2,P07,consciousness_probe,0.00030863304345984943,,0.01056710928484487,,
elephant,T2,2,P08,neutral_baseline,,,0.0027485152037115767,,
fly,T5,5,P01,appearance_state,0.00038519673034898005,0.0008408891990256961,,-0.0004556924686767161,0.31416778359789044
fly,T5,5,P02,researcher_observation,8.311115895291248e-05,0.001029356308208662,0.005218634614720941,-0.0009462451492557497,0.07470883772815771
fly,T5,5,P03,moral_framing,0.000881962216226384,,0.004413722257595509,,
fly,T5,5,P04,care_intervention,0.01003262517042458,,0.010606464464217424,,
fly,T5,5,P05,emotional_attribution,0.0015939633982876937,0.001267700339667499,0.011743622832000256,0.00032626305862019467,0.5570058149900176
fly,T5,5,P06,policy_framing,0.008183270557007441,,0.008174874681571964,,
fly,T5,5,P07,consciousness_probe,0.00039250525878742337,,0.006281715400594597,,
fly,T5,5,P08,neutral_baseline,,,0.00302241820609197,,
frog,T3,3,P01,appearance_state,0.0011258131671638694,0.0011895821444340982,,-6.376897727022879e-05,0.48622933323811446
frog,T3,3,P02,researcher_observation,0.00016360518626849321,0.00039720709901303053,0.00755730364471674,-0.00023360191274453732,0.29172891070578727
frog,T3,3,P03,moral_framing,0.0016682997229509056,,0.010288076203626892,,
frog,T3,3,P04,care_intervention,0.03437283728271723,,0.009028546744957566,,
frog,T3,3,P05,emotional_attribution,0.0035456028514696905,0.0031257253140211105,0.007283699116669595,0.0004198775374485799,0.5314688035679871
frog,T3,3,P06,policy_framing,0.01230665600936239,,0.011765399527575937,,
frog,T3,3,P07,consciousness_probe,0.00042379918340884615,,0.009309163016344732,,
frog,T3,3,P08,neutral_baseline,,,0.003970084161846898,,
gecko,T3,3,P01,appearance_state,0.0008139432211464737,0.001389288532664068,,-0.0005753453115175944,0.36943148753897126
gecko,T3,3,P02,researcher_observation,0.00014894330737054892,0.0005972181188553805,0.008620854699984193,-0.0004482748114848315,0.19961268724735956
gecko,T3,3,P03,moral_framing,0.0009689872773985068,,0.006125240276257197,,
gecko,T3,3,P04,care_intervention,0.014544931706041098,,0.00861574662849307,,
gecko,T3,3,P05,emotional_attribution,0.002129949260658274,0.0031342413276433945,0.004302624089177698,-0.0010042920669851205,0.4046109624014091
gecko,T3,3,P06,policy_framing,0.01168943713613165,,0.008817087269562762,,
gecko,T3,3,P07,consciousness_probe,0.00016254658839898184,,0.004125380810971062,,
gecko,T3,3,P08,neutral_baseline,,,0.001152507784718182,,
horse,T2,2,P01,appearance_state,0.0015490288787987083,0.0022784360335208476,,-0.0007294071547221392,0.4047140532474656
horse,T2,2,P02,researcher_observation,0.0001932783173591209,0.002681134719750844,0.009831238421611488,-0.002487856402391723,0.06724096646505368
horse,T2,2,P03,moral_framing,0.001460628118366003,,0.005840089521370828,,
horse,T2,2,P04,care_intervention,0.020778760313987732,,0.008360299747437239,,
horse,T2,2,P05,emotional_attribution,0.0024524679174646735,0.002987040439620614,0.009120921837165952,-0.0005345725221559405,0.4508620469686349
horse,T2,2,P06,policy_framing,0.011859617681087306,,0.006901723449118435,,
horse,T2,2,P07,consciousness_probe,0.0003408256343391258,,0.011670246846430624,,
horse,T2,2,P08,neutral_baseline,,,0.0028068955114576967,,
infant,T1,1,P01,appearance_state,0.0044670828865491785,0.0038137906813062727,,0.0006532922052429058,0.5394458442095816
infant,T1,1,P02,researcher_observation,0.0016097476909635589,0.003297787596238777,0.004612970631569624,-0.0016880399052752182,0.3280155034972119
infant,T1,1,P03,moral_framing,0.0066374437883496284,,0.007278314005816355,,
infant,T1,1,P04,care_intervention,0.04863058589398861,,0.0031717701349407434,,
infant,T1,1,P05,emotional_attribution,0.004770056703515972,0.004069576971232891,0.0020614195382222533,0.0007004797322830809,0.5396215301523044
infant,T1,1,P06,policy_framing,0.033651453287651144,,0.001502525129865262,,
infant,T1,1,P07,consciousness_probe,0.0009646535108913668,,0.012023740057581259,,
infant,T1,1,P08,neutral_baseline,,,0.004427917557768524,,
lobster,T4,4,P01,appearance_state,0.0005910256422794191,0.0018732097632891964,,-0.0012821841210097773,0.2398413791798043
lobster,T4,4,P02,researcher_observation,5.8301506214775145e-05,0.002300192449183669,0.0006215902394615114,-0.002241890942968894,0.024719802062390904
lobster,T4,4,P03,moral_framing,0.0006301014121466627,,0.0025447357135514417,,
lobster,T4,4,P04,care_intervention,0.011209694668650627,,0.00978324911557138,,
lobster,T4,4,P05,emotional_attribution,0.0019188985412862773,0.003109007142484188,0.0034730606130324304,-0.0011901086011979107,0.3816496616703268
lobster,T4,4,P06,policy_framing,0.004603594963555224,,0.0088585989215062,,
lobster,T4,4,P07,consciousness_probe,9.767829214979429e-05,,0.01399904202359418,,
lobster,T4,4,P08,neutral_baseline,,,0.0019540248322300613,,
mantis shrimp,T4,4,P01,appearance_state,0.00026325577209718176,0.001755849149049027,,-0.0014925933769518451,0.13038240672975807
mantis shrimp,T4,4,P02,researcher_observation,5.345434783521341e-05,0.0009711235934446449,0.0010534168395679444,-0.0009176692456094315,0.05217206077190622
mantis shrimp,T4,4,P03,moral_framing,0.00024897183902794495,,0.00773285903900008,,
mantis shrimp,T4,4,P04,care_intervention,0.03513923194259405,,0.011540850158780813,,
mantis shrimp,T4,4,P05,emotional_attribution,0.001168891067209188,0.0033531449735164642,0.0031587058037985116,-0.0021842539063072763,0.25848777648681415
mantis shrimp,T4,4,P06,policy_framing,0.007042793198100601,,0.036759324284503236,,
mantis shrimp,T4,4,P07,consciousness_probe,8.900722241378389e-05,,0.005948101170361042,,
mantis shrimp,T4,4,P08,neutral_baseline,,,0.0028605259489268065,,
mite,T5,5,P01,appearance_state,0.0003542764225130668,0.0008391605406359304,,-0.0004848841181228636,0.29685387981690026
mite,T5,5,P02,researcher_observation,0.0001969470292048451,0.0006163863827168825,0.004562247428111732,-0.0004194393535120374,0.24214793355741943
mite,T5,5,P03,moral_framing,0.00036342840758152306,,0.0011610314929081749,,
mite,T5,5,P04,care_intervention,0.005847981316037476,,0.008148147957399487,,
mite,T5,5,P05,emotional_attribution,0.0022742643874759474,0.002169579965993762,0.0016409680538345128,0.00010468442148218538,0.5117785762506212
mite,T5,5,P06,policy_framing,0.015595308107246334,,0.001465245525650971,,
mite,T5,5,P07,consciousness_probe,0.00011234667181270197,,0.003667652083095163,,
mite,T5,5,P08,neutral_baseline,,,0.0018789447785820812,,
moss,T6,6,P01,appearance_state,0.0002612584385133232,0.001472460158765898,,-0.0012112017202525749,0.15069251945158357
moss,T6,6,P02,researcher_observation,2.8734197106435506e-05,0.0007836157983547309,0.0004251710997777991,-0.0007548816012482954,0.035371691672077994
moss,T6,6,P03,moral_framing,0.0002807642352612068,,0.00381017005808341,,
moss,T6,6,P04,care_intervention,0.004542259615845978,,0.007565240142866969,,
moss,T6,6,P05,emotional_attribution,0.0018143168951307114,0.0007441261550411582,0.006794460699893534,0.0010701907400895532,0.7091488020786508
moss,T6,6,P06,policy_framing,0.003078149675275199,,0.004535416948783677,,
moss,T6,6,P07,consciousness_probe,0.00014316756096377503,,0.009014959175450107,,
moss,T6,6,P08,neutral_baseline,,,0.00485368104709778,,
moth,T5,5,P01,appearance_state,0.0002496479200999602,0.0002853290966413624,,-3.568117654140224e-05,0.46665158618489544
moth,T5,5,P02,researcher_observation,8.631194396002684e-05,0.00018211910992249614,0.003344456315971911,-9.58071659624693e-05,0.3215422007156467
moth,T5,5,P03,moral_framing,0.0003852529771393165,,0.004445222361634175,,
moth,T5,5,P04,care_intervention,0.013031157664954662,,0.014187460765242577,,
moth,T5,5,P05,emotional_attribution,0.0008301585767185315,0.001607052399776876,0.006751557870302349,-0.0007768938230583444,0.34061825203595403
moth,T5,5,P06,policy_framing,0.008565723740806183,,0.003396116177100339,,
moth,T5,5,P07,consciousness_probe,0.00023132927890401334,,0.0033183482689006874,,
moth,T5,5,P08,neutral_baseline,,,0.0028282754414249212,,
mushroom,T6,6,P01,appearance_state,0.00014864280501569738,0.0006023411774549459,,-0.0004536983724392485,0.19793069984477063
mushroom,T6,6,P02,researcher_observation,3.6492705476121046e-05,0.001129873286572547,0.00018671016005100682,-0.0010933805810964259,0.03128752260966649
mushroom,T6,6,P03,moral_framing,0.000218664407536077,,0.0026075513451360166,,
mushroom,T6,6,P04,care_intervention,0.007708939258009195,,0.006620507687330246,,
mushroom,T6,6,P05,emotional_attribution,0.0008957909922173712,0.0006278981454670429,0.006609511619899422,0.0002678928467503283,0.5879092468873283
mushroom,T6,6,P06,policy_framing,0.005798239537398331,,0.005212720425333828,,
mushroom,T6,6,P07,consciousness_probe,9.06618242879631e-05,,0.004709532717242837,,
mushroom,T6,6,P08,neutral_baseline,,,0.002328066879999824,,
mussel,T4,4,P01,appearance_state,0.00041527560733811697,0.0017294962344749365,,-0.0013142206271368195,0.1936222678235288
mussel,T4,4,P02,researcher_observation,9.596610834705643e-05,0.0018570662559795892,0.0012602897768374532,-0.0017611001476325328,0.049136975498327434
mussel,T4,4,P03,moral_framing,0.00041295371192973107,,0.0042665379781586426,,
mussel,T4,4,P04,care_intervention,0.01573127694427967,,0.011139702051877975,,
mussel,T4,4,P05,emotional_attribution,0.001250882378371898,0.001630933373235166,0.004819568246603012,-0.000380050994863268,0.43406048227347177
mussel,T4,4,P06,policy_framing,0.006046218405875455,,0.008438073346042074,,
mussel,T4,4,P07,consciousness_probe,0.00011712882042047568,,0.0065454737438509865,,
mussel,T4,4,P08,neutral_baseline,,,0.0020419720676727593,,
nematode,T5,5,P01,appearance_state,0.00014710595200995158,0.0009928193576342892,,-0.0008457134056243376,0.12904875245816466
nematode,T5,5,P02,researcher_observation,5.223158556570221e-05,0.00048665893973520724,0.001977889332920313,-0.000434427354169505,0.09692427946122978
nematode,T5,5,P03,moral_framing,0.00028006648547792185,,0.005193351874671255,,
nematode,T5,5,P04,care_intervention,0.013239792082458735,,0.011228024493902922,,
nematode,T5,5,P05,emotional_attribution,0.0012471844092942774,0.0010583793045952916,0.004257262888131663,0.00018880510469898582,0.5409455170057655
nematode,T5,5,P06,policy_framing,0.007222674054598126,,0.020721016302559292,,
nematode,T5,5,P07,consciousness_probe,0.00012710605005850084,,0.004826299302900831,,
nematode,T5,5,P08,neutral_baseline,,,0.0018402595975203439,,
oak tree,T6,6,P01,appearance_state,0.0007332769819186069,0.0011689846869558096,,-0.0004357077050372027,0.38547638075725654
oak tree,T6,6,P02,researcher_observation,5.231214830322036e-05,0.0016509134838997852,0.0004974706098437309,-0.001598601335596565,0.03071357325934607
oak tree,T6,6,P03,moral_framing,0.000386474979071257,,0.003710697502053032,,
oak tree,T6,6,P04,care_intervention,0.013791639357805252,,0.008299509063363075,,
oak tree,T6,6,P05,emotional_attribution,0.0014356761530507356,0.0009102823096327484,0.005312800349202007,0.0005253938434179872,0.6119784790267144
oak tree,T6,6,P06,policy_framing,0.005123386246850714,,0.006721804238623008,,
oak tree,T6,6,P07,consciousness_probe,5.163655714568449e-05,,0.005702500386784474,,
oak tree,T6,6,P08,neutral_baseline,,,0.0027828206235426477,,
octopus,T4,4,P01,appearance_state,0.0004867638863288448,0.0008848432844388299,,-0.00039807939810998505,0.3548857582654895
octopus,T4,4,P02,researcher_observation,0.0001463186902886567,0.0005214318243815796,0.0027636741288006306,-0.0003751131340929229,0.21912176054066995
octopus,T4,4,P03,moral_framing,0.0009806366482128699,,0.005330462978842358,,
octopus,T4,4,P04,care_intervention,0.014829820487648249,,0.008864302188158035,,
octopus,T4,4,P05,emotional_attribution,0.0023415897449012846,0.004228704608976841,0.0026013103197328746,-0.0018871148640755564,0.35639038118286437
octopus,T4,4,P06,policy_framing,0.008399582317603441,,0.01565489541098941,,
octopus,T4,4,P07,consciousness_probe,0.00019103082013316453,,0.006369375390931964,,
octopus,T4,4,P08,neutral_baseline,,,0.002385209349449724,,
patient,T1,1,P01,appearance_state,0.02323338796486496,0.0038302487519104034,,0.019403139212954557,0.8584725002836193
patient,T1,1,P02,researcher_observation,0.00623419921612367,0.003866211474814918,0.0016979373176582158,0.0023679877413087524,0.6172223432453436
patient,T1,1,P03,moral_framing,0.01285284540305535,,0.0016101561098669965,,
patient,T1,1,P04,care_intervention,0.05262314900755882,,0.0026750994147732854,,
patient,T1,1,P05,emotional_attribution,0.007366380596067756,0.004374014213681221,0.0008987004694063216,0.0029923663823865354,0.6274389109305744
patient,T1,1,P06,policy_framing,0.037904993475725256,,0.0003422827824692831,,
patient,T1,1,P07,consciousness_probe,0.0007242104766191915,,0.013023456618005488,,
patient,T1,1,P08,neutral_baseline,,,0.0023011103010503577,,
pig,T2,2,P01,appearance_state,0.0030653508874820545,0.004947297478793189,,-0.0018819465913111344,0.38256400494592174
pig,T2,2,P02,researcher_observation,0.00010496690083527938,0.002133496949682012,0.0024765924899838865,-0.002028530048846733,0.04689237939749816
pig,T2,2,P03,moral_framing,0.0017428665499513347,,0.006078768715572854,,
pig,T2,2,P04,care_intervention,0.030103661119937897,,0.005840873112902045,,
pig,T2,2,P05,emotional_attribution,0.004712799496095006,0.007410959806293249,0.002943008264992386,-0.0026981603101982428,0.38872426775201707
pig,T2,2,P06,policy_framing,0.012349469431986412,,0.007179542528319871,,
pig,T2,2,P07,consciousness_probe,0.0002259885768580716,,0.008783850566639254,,
pig,T2,2,P08,neutral_baseline,,,0.003235706489067525,,
pigeon,T3,3,P01,appearance_state,0.002030911717156414,0.003141804481856525,,-0.001110892764700111,0.39261996981043673
pigeon,T3,3,P02,researcher_observation,0.00014288676417587945,0.001501256956544239,0.0038435455644503236,-0.0013583701923683595,0.0869064873614867
pigeon,T3,3,P03,moral_framing,0.0012002586930369337,,0.0056356133815522,,
pigeon,T3,3,P04,care_intervention,0.02685636654496193,,0.008055938174948096,,
pigeon,T3,3,P05,emotional_attribution,0.0026953096579139433,0.004313682671636343,0.00283552153268829,-0.0016183730137223997,0.3845502310075802
pigeon,T3,3,P06,policy_framing,0.013358698629114466,,0.014736765078851022,,
pigeon,T3,3,P07,consciousness_probe,0.0002606027774163522,,0.00845422554994002,,
pigeon,T3,3,P08,neutral_baseline,,,0.003176697576418519,,
prisoner,T1,1,P01,appearance_state,0.004155619106313679,0.0014571801148122177,,0.0026984389915014617,0.7403826270204303
prisoner,T1,1,P02,researcher_observation,0.0016795583845426638,0.003255857460317202,0.005658104782924056,-0.001576299075774538,0.3403073628053355
prisoner,T1,1,P03,moral_framing,0.0032688795666520796,,0.0019679045459876456,,
prisoner,T1,1,P04,care_intervention,0.032463403418660164,,0.02038544719107449,,
prisoner,T1,1,P05,emotional_attribution,0.008311616159820309,0.004360484890639782,0.002250721794553101,0.003951131269180527,0.6558988174994591
prisoner,T1,1,P06,policy_framing,0.028247646366556484,,0.00024704271544351286,,
prisoner,T1,1,P07,consciousness_probe,0.001436648322851397,,0.029410346779817093,,
prisoner,T1,1,P08,neutral_baseline,,,0.004028924313024618,,
rabbit,T2,2,P01,appearance_state,0.0007494294532079948,0.0031747831526445225,,-0.0024253536994365277,0.19097574708177925
rabbit,T2,2,P02,researcher_observation,4.1280846138154935e-05,0.0003615191671997309,0.0006377991376211867,-0.00032023832106157596,0.10248469345272208
rabbit,T2,2,P03,moral_framing,0.0010748498607426882,,0.006060570109790812,,
rabbit,T2,2,P04,care_intervention,0.026003950275480747,,0.009528056718409061,,
rabbit,T2,2,P05,emotional_attribution,0.001984713254690481,0.0016846072394400835,0.008811915293335915,0.00030010601525039737,0.540893934933138
rabbit,T2,2,P06,policy_framing,0.011971108780320113,,0.009382096763147274,,
rabbit,T2,2,P07,consciousness_probe,0.0003682855276565533,,0.010292975183498735,,
rabbit,T2,2,P08,neutral_baseline,,,0.00408922957140021,,
rat,T2,2,P01,appearance_state,0.001586212458278169,0.003549808548996225,,-0.001963596090718056,0.30884072030614124
rat,T2,2,P02,researcher_observation,8.980049703192587e-05,0.0007077143018250354,0.003690200741402805,-0.0006179138047931095,0.11260040051995579
rat,T2,2,P03,moral_framing,0.0010583526745904237,,0.005975049183083077,,
rat,T2,2,P04,care_intervention,0.045651938766241074,,0.008249489357694983,,
rat,T2,2,P05,emotional_attribution,0.0035503386170603335,0.005110759753733873,0.0039689278928563,-0.0015604211366735399,0.4099178215133229
rat,T2,2,P06,policy_framing,0.01592138116636003,,0.0033258065677728155,,
rat,T2,2,P07,consciousness_probe,0.0003631289546319749,,0.006975766077327232,,
rat,T2,2,P08,neutral_baseline,,,0.0034625857369974256,,
refugee,T1,1,P01,appearance_state,0.0013642315025208518,0.0008809476676105987,,0.00048328383491025306,0.6076269813594791
refugee,T1,1,P02,researcher_observation,0.00037340203804584843,0.004664125532144681,0.0012336772051639855,-0.004290723494098832,0.07412406690199394
refugee,T1,1,P03,moral_framing,0.003352910357837876,,0.0018239664641441777,,
refugee,T1,1,P04,care_intervention,0.023145362734794617,,0.01746803300920874,,
refugee,T1,1,P05,emotional_attribution,0.006516673796189328,0.004836588632315397,0.0015813169302418828,0.0016800851638739305,0.5739912892728293
refugee,T1,1,P06,policy_framing,0.008443850917198384,,0.0001301147712524653,,
refugee,T1,1,P07,consciousness_probe,0.00038058894278947264,,0.007914407244243193,,
refugee,T1,1,P08,neutral_baseline,,,0.0012297644861973822,,
river,T6,6,P01,appearance_state,0.00014429067641685833,0.0009440945741516771,,-0.0007998038977348187,0.13257315190937272
river,T6,6,P02,researcher_observation,1.3538105728609176e-05,0.0006994058178406704,0.0002639983795234002,-0.0006858677121120612,0.018989016361806457
river,T6,6,P03,moral_framing,0.0008227333213047435,,0.003750176833515676,,
river,T6,6,P04,care_intervention,0.003747269860468805,,0.005329712061211467,,
river,T6,6,P05,emotional_attribution,0.0009779516973746165,0.00018336660286877304,0.010748428758233786,0.0007945850945058435,0.8421047123421596
river,T6,6,P06,policy_framing,0.0025969927780048843,,0.0026648970942915184,,
river,T6,6,P07,consciousness_probe,2.0797300294361776e-05,,0.0017002850072458386,,
river,T6,6,P08,neutral_baseline,,,0.0006167705003463197,,
rock,T6,6,P01,appearance_state,7.826157184354088e-05,0.0006401448890756001,,-0.0005618833172320592,0.1089377186970728
rock,T6,6,P02,researcher_observation,2.8728376643509062e-05,0.00030554983720776363,0.0005777767219115049,-0.00027682146056425455,0.0859414908269847
rock,T6,6,P03,moral_framing,0.0007290769620643308,,0.0016170891613001004,,
rock,T6,6,P04,care_intervention,0.0035491843009367585,,0.007687131641432643,,
rock,T6,6,P05,emotional_attribution,0.0015000531578455896,0.00025283926515839994,0.008537521702237427,0.0012472138926871896,0.8557587748020621
rock,T6,6,P06,policy_framing,0.004867768063074133,,0.0046640007949463325,,
rock,T6,6,P07,consciousness_probe,3.765805195143912e-05,,0.0037427613763914755,,
rock,T6,6,P08,neutral_baseline,,,0.0015223683854856062,,
salmon,T3,3,P01,appearance_state,0.0011175204690516694,0.003802273924520705,,-0.0026847534554690355,0.22714779459013795
salmon,T3,3,P02,researcher_observation,4.351038235957579e-05,0.003317737375255092,0.0010540240909904242,-0.003274226992895516,0.01294471107240905
salmon,T3,3,P03,moral_framing,0.0008259581518359482,,0.01408774181860887,,
salmon,T3,3,P04,care_intervention,0.019446134567260742,,0.00902151595801115,,
salmon,T3,3,P05,emotional_attribution,0.0012055638774957818,0.001852782559581101,0.007944272481836379,-0.0006472186820853192,0.394188121875829
salmon,T3,3,P06,policy_framing,0.004239737815320647,,0.011827759932202753,,
salmon,T3,3,P07,consciousness_probe,0.00012544834316940978,,0.006190267672839885,,
salmon,T3,3,P08,neutral_baseline,,,0.0016200689336983488,,
seaweed,T6,6,P01,appearance_state,0.00014746283159183804,0.0016889379221538547,,-0.0015414750905620167,0.08029991452631882
seaweed,T6,6,P02,researcher_observation,6.319133717624936e-05,0.0036713201011480123,0.0003398246262804605,-0.003608128763971763,0.016920910948531806
seaweed,T6,6,P03,moral_framing,0.00015926468040561303,,0.005205757062261303,,
seaweed,T6,6,P04,care_intervention,0.004375234362669289,,0.011847103247419,,
seaweed,T6,6,P05,emotional_attribution,0.0006440133620344568,0.00047034421004354954,0.006301087385509163,0.00017366915199090727,0.5779233886670591
seaweed,T6,6,P06,policy_framing,0.005220013560271279,,0.009523488966806326,,
seaweed,T6,6,P07,consciousness_probe,6.967414628888946e-05,,0.009377803886309266,,
seaweed,T6,6,P08,neutral_baseline,,,0.0014781794641749002,,
shrimp,T4,4,P01,appearance_state,0.00034487729863030836,0.004119979956158204,,-0.0037751026575278956,0.07724262417038501
shrimp,T4,4,P02,researcher_observation,4.3573339098657016e-05,0.0017447158406866947,0.000639957346720621,-0.0017011425015880377,0.02436593429888878
shrimp,T4,4,P03,moral_framing,0.00034832813253160566,,0.006230163059323483,,
shrimp,T4,4,P04,care_intervention,0.019052461721003056,,0.008216807385906577,,
shrimp,T4,4,P05,emotional_attribution,0.0016715221184616287,0.0024123198818415403,0.006178678246214986,-0.0007407977633799117,0.40930135823261665
shrimp,T4,4,P06,policy_framing,0.004513309458464694,,0.012675482186750742,,
shrimp,T4,4,P07,consciousness_probe,0.00010934317469946109,,0.012853955229123434,,
shrimp,T4,4,P08,neutral_baseline,,,0.0037647165008820593,,
snake,T3,3,P01,appearance_state,0.0007667127429158427,0.0010632381890900433,,-0.0002965254461742006,0.4189799232362063
snake,T3,3,P02,researcher_observation,0.00021679760296440995,0.0009043662048497936,0.007142089540138841,-0.0006875686018853836,0.1933683393243311
snake,T3,3,P03,moral_framing,0.0010194424830842763,,0.003474469587672502,,
snake,T3,3,P04,care_intervention,0.01254448969848454,,0.013028253335505724,,
snake,T3,3,P05,emotional_attribution,0.0024514757678844035,0.0015948591753840446,0.009753366583026946,0.0008566165925003588,0.6058509099395317
snake,T3,3,P06,policy_framing,0.01099769037682563,,0.0059201513504376635,,
snake,T3,3,P07,consciousness_probe,0.00022630469175055623,,0.011778941960074008,,
snake,T3,3,P08,neutral_baseline,,,0.005079610529355705,,
soldier,T1,1,P01,appearance_state,0.0011663082332233898,0.000916719622182427,,0.00024958861104096286,0.5599100243453856
soldier,T1,1,P02,researcher_observation,0.0005590866227673056,0.0010125476692337543,0.0031301313429139555,-0.0004534610464664487,0.3557358031949511
soldier,T1,1,P03,moral_framing,0.0023149646973858276,,0.0016224787880976994,,
soldier,T1,1,P04,care_intervention,0.014118956867605448,,0.004820541886147112,,
soldier,T1,1,P05,emotional_attribution,0.006397262235016872,0.006320333108305931,0.0013025106163695455,7.69291267109411e-05,0.503024511475215
soldier,T1,1,P06,policy_framing,0.024161843524780124,,0.00036920517004546127,,
soldier,T1,1,P07,consciousness_probe,0.0007323683821596205,,0.011470191065503363,,
soldier,T1,1,P08,neutral_baseline,,,0.0027806932135717942,,
squid,T4,4,P01,appearance_state,0.00041964000592997763,0.0009636149588914122,,-0.0005439749529614346,0.3033713858001762
squid,T4,4,P02,researcher_observation,0.00010308604760211892,0.0015558794730168302,0.002669292618520558,-0.0014527934254147112,0.062138748579767554
squid,T4,4,P03,moral_framing,0.0005507137248059735,,0.007783832183728616,,
squid,T4,4,P04,care_intervention,0.012870242353528738,,0.017606349661946297,,
squid,T4,4,P05,emotional_attribution,0.0029352385996996113,0.003011756343767047,0.004847304371651262,-7.651774406743561e-05,0.4935666800200635
squid,T4,4,P06,policy_framing,0.00582072800413395,,0.013143168747774325,,
squid,T4,4,P07,consciousness_probe,0.00019286486349301413,,0.005301338601081322,,
squid,T4,4,P08,neutral_baseline,,,0.0026205187605228275,,
statue,T6,6,P01,appearance_state,0.00013027392742515076,0.0003888044593622908,,-0.00025853053193714004,0.2509715404146519
statue,T6,6,P02,researcher_observation,1.4524655853165314e-05,0.00011228069479329861,0.000246554751356598,-9.77560389401333e-05,0.11454283533647412
statue,T6,6,P03,moral_framing,0.0003676025808090344,,0.0007772027796211963,,
statue,T6,6,P04,care_intervention,0.006713944021612406,,0.004900951171293855,,
statue,T6,6,P05,emotional_attribution,0.0010723694880046726,0.0007656118832528591,0.009480967884883285,0.00030675760475181346,0.5834495639779036
statue,T6,6,P06,policy_framing,0.006170273501387176,,0.00018205757919531607,,
statue,T6,6,P07,consciousness_probe,8.98141624929849e-05,,0.0032463099147814014,,
statue,T6,6,P08,neutral_baseline,,,0.0015346877335105091,,
table,T6,6,P01,appearance_state,2.1337446924007963e-05,0.0010092948166402493,,-0.0009879573697162414,0.020703257221824693
table,T6,6,P02,researcher_observation,7.623417976295362e-06,8.219078279125824e-05,0.00010902300346060656,-7.456736481496289e-05,0.08487977873396088
table,T6,6,P03,moral_framing,0.0006217551805699865,,0.0012353583297226578,,
table,T6,6,P04,care_intervention,0.0014982569264248013,,0.004766214522533119,,
table,T6,6,P05,emotional_attribution,0.0004255799449310871,0.00011905714927706867,0.0028337619150988758,0.0003065227956540184,0.7814008104052365
table,T6,6,P06,policy_framing,0.006606356643411952,,0.002670079637937306,,
table,T6,6,P07,consciousness_probe,1.606639148121758e-05,,0.0008049273261955628,,
table,T6,6,P08,neutral_baseline,,,0.005404931172961369,,
teenager,T1,1,P01,appearance_state,0.002082766077364795,0.0010255045708618127,,0.0010572615065029822,0.6700722832954935
teenager,T1,1,P02,researcher_observation,0.0005847545738409584,0.001957136941200588,0.003628357546404004,-0.0013723823673596294,0.2300470131695213
teenager,T1,1,P03,moral_framing,0.003492616737882296,,0.0048120244561384124,,
teenager,T1,1,P04,care_intervention,0.010671685915440321,,0.0034324906300753355,,
teenager,T1,1,P05,emotional_attribution,0.007989336076813439,0.008274944499135017,0.0011430747690610588,-0.00028560842232157845,0.4912197616355719
teenager,T1,1,P06,policy_framing,0.016112379535722237,,0.001886796502276411,,
teenager,T1,1,P07,consciousness_probe,0.0007147387586883269,,0.0037469388056100192,,
teenager,T1,1,P08,neutral_baseline,,,0.0015016615157946943,,
trout,T3,3,P01,appearance_state,0.0010385974292148603,0.002939849298854824,,-0.0019012518696399638,0.2610560035356262
trout,T3,3,P02,researcher_observation,4.3574123992584646e-05,0.0023748538696963806,0.0015221426729112864,-0.002331279745703796,0.018017539618520793
trout,T3,3,P03,moral_framing,0.0005947667668806389,,0.020085832870487746,,
trout,T3,3,P04,care_intervention,0.03329713921993971,,0.01229071686975658,,
trout,T3,3,P05,emotional_attribution,0.0018041902803815901,0.007325700484216213,0.004987001419067383,-0.005521510203834623,0.19761356484309625
trout,T3,3,P06,policy_framing,0.0038068246794864535,,0.01381486166792456,,
trout,T3,3,P07,consciousness_probe,0.00013292279254528694,,0.007546981544389079,,
trout,T3,3,P08,neutral_baseline,,,0.0018965225957799704,,
tuna,T3,3,P01,appearance_state,0.0002960212259495165,0.0023567398311570287,,-0.002060718605207512,0.1115898523907809
tuna,T3,3,P02,researcher_observation,5.128473700703277e-05,0.003722336950886529,0.00031145014509093016,-0.0036710522138794963,0.013590322477881374
tuna,T3,3,P03,moral_framing,0.00038437950327837217,,0.0032307752990163863,,
tuna,T3,3,P04,care_intervention,0.007932054693810642,,0.006834378815256059,,
tuna,T3,3,P05,emotional_attribution,0.001117052635284684,0.001258254167623818,0.00523269537370652,-0.00014120153233913402,0.4702771814104872
tuna,T3,3,P06,policy_framing,0.0033046414052175046,,0.009901773402816616,,
tuna,T3,3,P07,consciousness_probe,0.00013283142561704153,,0.010620118351653218,,
tuna,T3,3,P08,neutral_baseline,,,0.0024502794374711813,,
whale,T2,2,P01,appearance_state,0.001058114034094615,0.0010583301118458621,,-2.160777512472123e-07,0.4999489290228973
whale,T2,2,P02,researcher_observation,0.00012936438724864274,0.0013940965254732873,0.003551824949681759,-0.0012647321382246446,0.0849148000299073
whale,T2,2,P03,moral_framing,0.0013012799123922985,,0.005695833106680463,,
whale,T2,2,P04,care_intervention,0.02752636931836605,,0.010730857960879803,,
whale,T2,2,P05,emotional_attribution,0.001726389367831871,0.002200199756771326,0.007238213554956019,-0.00047381038893945515,0.4396664048825561
whale,T2,2,P06,policy_framing,0.011563364193231488,,0.022434792248532176,,
whale,T2,2,P07,consciousness_probe,0.0002798758141580038,,0.008779196767136455,,
whale,T2,2,P08,neutral_baseline,,,0.0014524525540764444,,
woman,T1,1,P01,appearance_state,0.002902993728639558,0.0011118030961370096,,0.0017911906325025484,0.7230736156850863
woman,T1,1,P02,researcher_observation,0.0009186360111925751,0.0050913918821606785,0.0033906104508787394,-0.004172755870968103,0.15285053783585267
woman,T1,1,P03,moral_framing,0.0034820963628590107,,0.001895178963119785,,
woman,T1,1,P04,care_intervention,0.01490751001983881,,0.003232921822927892,,
woman,T1,1,P05,emotional_attribution,0.007258579154343654,0.004530726466327906,0.001077410823199898,0.0027278526880157488,0.6156918249745907
woman,T1,1,P06,policy_framing,0.017481703000764053,,0.0007280443880972598,,
woman,T1,1,P07,consciousness_probe,0.0007917548955447273,,0.012987624760474622,,
woman,T1,1,P08,neutral_baseline,,,0.005925855529494583,,
woodlouse,T5,5,P01,appearance_state,0.0005015825008740649,0.0010733044928201707,,-0.0005717219919461058,0.3184879112174927
woodlouse,T5,5,P02,researcher_observation,0.00022746541071683168,0.0010514091081859078,0.0035452034790068865,-0.0008239436974690761,0.17786373062278343
woodlouse,T5,5,P03,moral_framing,0.00048742380749899894,,0.007550577914419894,,
woodlouse,T5,5,P04,care_intervention,0.01214197650551796,,0.010590976569801569,,
woodlouse,T5,5,P05,emotional_attribution,0.0014428517170017585,0.0016463934443891048,0.004455310758203268,-0.00020354172738734633,0.46705638268168675
woodlouse,T5,5,P06,policy_framing,0.009647281040088274,,0.010666758680599742,,
woodlouse,T5,5,P07,consciousness_probe,0.00013066543397144414,,0.006607681706858178,,
woodlouse,T5,5,P08,neutral_baseline,,,0.002559785406629089,,
worker,T1,1,P01,appearance_state,0.0017592576550669037,0.0014041571848792955,,0.00035510047018760815,0.5561261132239654
worker,T1,1,P02,researcher_observation,0.001273752602476937,0.002470986080879811,0.0038193927612155676,-0.0011972334784028742,0.3401445804813006
worker,T1,1,P03,moral_framing,0.0024978138972073793,,0.001577112649101764,,
worker,T1,1,P04,care_intervention,0.014943101676180959,,0.0024452421348541975,,
worker,T1,1,P05,emotional_attribution,0.008470406474467987,0.004191052168607712,0.0011943585122935474,0.0042793543058602754,0.6689913576585546
worker,T1,1,P06,policy_framing,0.023069955272755276,,0.00021931953591547426,,
worker,T1,1,P07,consciousness_probe,0.000958366523263976,,0.010494884679549918,,
worker,T1,1,P08,neutral_baseline,,,0.0029990585520863534,,
zebrafish,T3,3,P01,appearance_state,0.0005854994474248087,0.001984921622351976,,-0.0013994221749271674,0.22778346767026256
zebrafish,T3,3,P02,researcher_observation,3.70310644939309e-05,0.0003221282986487495,0.0008469193708151579,-0.0002850972341548186,0.1031047996617031
zebrafish,T3,3,P03,moral_framing,0.0008431222328605751,,0.0041409463447052985,,
zebrafish,T3,3,P04,care_intervention,0.023604835383594036,,0.003957524779252708,,
zebrafish,T3,3,P05,emotional_attribution,0.0017967609286036652,0.0013616157229989767,0.0015894953103270382,0.0004351452056046885,0.5688874602094074
zebrafish,T3,3,P06,policy_framing,0.006525438453536481,,0.012101760765290237,,
zebrafish,T3,3,P07,consciousness_probe,0.0001226658368977951,,0.0027567976891684034,,
zebrafish,T3,3,P08,neutral_baseline,,,0.0009578298049746081,,
