entity,tier,tier_rank,prompt_id,group,welfare_neg_mean,welfare_pos_mean,neutral_mean,salience_index,suffering_bias
ant,T5,5,P01,appearance_state,0.0010343024041503668,0.0016065071904449724,,-0.0005722047862946056,0.39166109025847723
ant,T5,5,P02,researcher_observation,8.407136556343175e-05,0.00031948654213920236,0.021774325985461473,-0.0002354151765757706,0.20832535585659995
ant,T5,5,P03,moral_framing,0.0008105235756374896,,0.0036648926325142384,,
ant,T5,5,P04,care_intervention,0.009327092673629522,,0.018914571031928062,,
ant,T5,5,P05,emotional_attribution,0.004576525650918484,0.009928743354976177,0.003989419259596616,-0.0053522177040576935,0.3155078073704039
ant,T5,5,P06,policy_framing,0.0054677752389883,,0.003484438668237999,,
ant,T5,5,P07,consciousness_probe,0.0012245255456946325,,0.00779149035224691,,
ant,T5,5,P08,neutral_baseline,,,0.005558588309213519,,
aphid,T5,5,P01,appearance_state,0.0017480041897215415,0.0027281918009975925,,-0.000980187611276051,0.3905110844776936
aphid,T5,5,P02,researcher_observation,4.44916859123623e-05,0.00028096708228986245,0.011063739657402039,-0.00023647539637750015,0.13670448176178526
aphid,T5,5,P03,moral_framing,0.0005964945497301718,,0.003919003996998072,,
aphid,T5,5,P04,care_intervention,0.007277928525581956,,0.02499265968799591,,
aphid,T5,5,P05,emotional_attribution,0.0055159209490132826,0.016156889498233795,0.00266152698895894,-0.010640968549220513,0.2545087974163981
aphid,T5,5,P06,policy_framing,0.007109176522741715,,0.013779907967546023,,
aphid,T5,5,P07,consciousness_probe,0.00016177127690752968,,0.0035857674665749073,,
aphid,T5,5,P08,neutral_baseline,,,0.0037484444677829743,,
bacterium,T6,6,P01,appearance_state,0.00010950008109489318,0.0005137427817771822,,-0.00040424270068228907,0.175694051305909
bacterium,T6,6,P02,researcher_observation,1.178679175003102e-05,0.00033830235497589456,0.0011612442904151976,-0.00032651556322586356,0.03366796284165377
bacterium,T6,6,P03,moral_framing,6.0461041963814445e-05,,0.00491953115852084,,
bacterium,T6,6,P04,care_intervention,0.0032114164205268025,,0.016411009011790156,,
bacterium,T6,6,P05,emotional_attribution,0.0007936039182823151,0.0024305954575538635,0.003116641310043633,-0.0016369915392715484,0.2461398322994573
bacterium,T6,6,P06,policy_framing,0.003237262135371566,,0.003045107761863619,,
bacterium,T6,6,P07,consciousness_probe,6.470658991020173e-05,,0.011799346839931482,,
bacterium,T6,6,P08,neutral_baseline,,,0.0016168944741366432,,
bee,T4,4,P01,appearance_state,0.00256010759039782,0.0018707243871176615,,0.0006893832032801583,0.5777938648113606
bee,T4,4,P02,researcher_observation,0.00011478789141013597,0.0008458081720164046,0.011804383946582675,-0.0007310202806062686,0.11949651245813467
bee,T4,4,P03,moral_framing,0.0017539703646131481,,0.002402394893579185,,
bee,T4,4,P04,care_intervention,0.03525285981595516,,0.013646005652844906,,
bee,T4,4,P05,emotional_attribution,0.005944887486596902,0.004056298173964024,0.003538187185768038,0.0018885893126328783,0.5944182648861707
bee,T4,4,P06,policy_framing,0.0073618622263893485,,0.0068280700070317835,,
bee,T4,4,P07,consciousness_probe,0.0012940766609972343,,0.010310101555660367,,
bee,T4,4,P08,neutral_baseline,,,0.004033901274669916,,
beetle,T5,5,P01,appearance_state,0.0020476481004152447,0.0018863734003389254,,0.00016127470007631928,0.5204974217789504
beetle,T5,5,P02,researcher_observation,5.707857538557922e-05,9.960567422240274e-05,0.007543387357145548,-4.252709883682352e-05,0.36429021487077395
beetle,T5,5,P03,moral_framing,0.0014376139539914827,,0.004604363348335028,,
beetle,T5,5,P04,care_intervention,0.012380368076264858,,0.03672905545681715,,
beetle,T5,5,P05,emotional_attribution,0.004438219892714794,0.008237713016569614,0.0038850155542604625,-0.0037994931238548206,0.3501296424858073
beetle,T5,5,P06,policy_framing,0.006156737295289834,,0.01693296735174954,,
beetle,T5,5,P07,consciousness_probe,0.0001819021490518935,,0.007354367718410988,,
beetle,T5,5,P08,neutral_baseline,,,0.0017889032373204828,,
bumblebee,T4,4,P01,appearance_state,0.002468600985594094,0.0025228570448234677,,-5.425605922937393e-05,0.49456509923435593
bumblebee,T4,4,P02,researcher_observation,9.813579284430791e-05,0.0005078431531728711,0.008739356650039554,-0.0004097073603285632,0.1619458519057866
bumblebee,T4,4,P03,moral_framing,0.001155566986805449,,0.0023734888915593424,,
bumblebee,T4,4,P04,care_intervention,0.022798245307058096,,0.021961363032460213,,
bumblebee,T4,4,P05,emotional_attribution,0.003290898302414765,0.005100747104734182,0.003227759909350425,-0.0018098488023194173,0.3921636465233437
bumblebee,T4,4,P06,policy_framing,0.005457825163224091,,0.013456483837217093,,
bumblebee,T4,4,P07,consciousness_probe,0.00041150159086100757,,0.003259963404464846,,
bumblebee,T4,4,P08,neutral_baseline,,,0.002197550103301182,,
chicken,T3,3,P01,appearance_state,0.002111151334247552,0.0034408816136419773,,-0.0013297302793944255,0.38024833714742656
chicken,T3,3,P02,researcher_observation,0.00028470448645142216,0.002122128789778799,0.009819042636081576,-0.0018374243033273767,0.11829006912699107
chicken,T3,3,P03,moral_framing,0.0010392461311615382,,0.0027674136023658016,,
chicken,T3,3,P04,care_intervention,0.04566055163741112,,0.023930849973112345,,
chicken,T3,3,P05,emotional_attribution,0.004479217226617038,0.009224164299666882,0.0026534424105193466,-0.004744947073049843,0.32686948001401545
chicken,T3,3,P06,policy_framing,0.004683603823650628,,0.014749486115761101,,
chicken,T3,3,P07,consciousness_probe,0.0019251054764026776,,0.010619695705827326,,
chicken,T3,3,P08,neutral_baseline,,,0.003741972823627293,,
child,T1,1,P01,appearance_state,0.007928375925985165,0.005653247353620827,,0.0022751285723643377,0.5837576042559333
child,T1,1,P02,researcher_observation,0.00121626957358482,0.001389511686284095,0.005993320752168074,-0.00017324211269927514,0.46675810653814975
child,T1,1,P03,moral_framing,0.0026478373523180685,,0.005822148678513865,,
child,T1,1,P04,care_intervention,0.025401895632967353,,0.0043163764057680964,,
child,T1,1,P05,emotional_attribution,0.006156550506905963,0.007584421895444393,0.0014608392666559666,-0.0014278713885384304,0.44804328848288594
child,T1,1,P06,policy_framing,0.012372568307910115,,0.00045586782931650305,,
child,T1,1,P07,consciousness_probe,0.0021346004632505355,,0.03506876145274873,,
child,T1,1,P08,neutral_baseline,,,0.0019008758041309192,,
chimpanzee,T2,2,P01,appearance_state,0.002028881059231935,0.001293974622967653,,0.0007349064362642821,0.6105835438602463
chimpanzee,T2,2,P02,researcher_observation,0.0005064440483693033,0.000322396768751787,0.009741275571286678,0.00018404727961751632,0.6110268423141975
chimpanzee,T2,2,P03,moral_framing,0.0046773809008300304,,0.004254352999851108,,
chimpanzee,T2,2,P04,care_intervention,0.021462724544107914,,0.00997193600051105,,
chimpanzee,T2,2,P05,emotional_attribution,0.006287830998189747,0.0160283911973238,0.0009535659046377987,-0.009740560199134052,0.28176054687597607
chimpanzee,T2,2,P06,policy_framing,0.009167851026480397,,0.003599474555812776,,
chimpanzee,T2,2,P07,consciousness_probe,0.0030122909738565795,,0.0026707179422373883,,
chimpanzee,T2,2,P08,neutral_baseline,,,0.0014520449796691537,,
cloud,T6,6,P01,appearance_state,0.00010728630786616122,0.0009311562207585666,,-0.0008238699128924054,0.10331462221292566
cloud,T6,6,P02,researcher_observation,8.685121883900138e-06,0.0006805487892052042,0.0005643202021019533,-0.0006718636673213041,0.012601122034265546
cloud,T6,6,P03,moral_framing,0.00013404027777141891,,0.0009348196326754987,,
cloud,T6,6,P04,care_intervention,0.007944964978378266,,0.002457591239362955,,
cloud,T6,6,P05,emotional_attribution,0.00026005052980811644,6.432062946259975e-05,0.015413847053423524,0.00019572990034551668,0.8017064470902509
cloud,T6,6,P06,policy_framing,0.0013685131276967393,,0.0003975755623741861,,
cloud,T6,6,P07,consciousness_probe,2.5529579033900518e-05,,0.0015368550405886101,,
cloud,T6,6,P08,neutral_baseline,,,0.0026588150885800133,,
cockroach,T5,5,P01,appearance_state,0.0018339219532208517,0.0017314980796072632,,0.00010242387361358851,0.5143634929121726
cockroach,T5,5,P02,researcher_observation,7.778298095217906e-05,0.0002575155685917707,0.009073504712432623,-0.00017973258763959166,0.2319811936551911
cockroach,T5,5,P03,moral_framing,0.001807068207805666,,0.003973546981190641,,
cockroach,T5,5,P04,care_intervention,0.007130042649805546,,0.06383582297712564,,
cockroach,T5,5,P05,emotional_attribution,0.004762445605592802,0.008597685024142265,0.00417034377460368,-0.003835239418549463,0.35646699137406135
cockroach,T5,5,P06,policy_framing,0.005246535564462344,,0.006067298309062608,,
cockroach,T5,5,P07,consciousness_probe,0.0010424409410916269,,0.011972840952997407,,
cockroach,T5,5,P08,neutral_baseline,,,0.00654233512468636,,
cow,T2,2,P01,appearance_state,0.002839229768142104,0.0037774727097712457,,-0.0009382429416291416,0.4291004068430542
cow,T2,2,P02,researcher_observation,0.00037241727113723755,0.0031769730849191546,0.019950469955801964,-0.002804555813781917,0.10492428932460077
cow,T2,2,P03,moral_framing,0.0018496771129624296,,0.003189758320028583,,
cow,T2,2,P04,care_intervention,0.030314655043184757,,0.01759190997108817,,
cow,T2,2,P05,emotional_attribution,0.005203108904728045,0.008116766810417175,0.0032362546189688146,-0.0029136579056891305,0.3906274335389754
cow,T2,2,P06,policy_framing,0.005898513171511392,,0.007665793178603053,,
cow,T2,2,P07,consciousness_probe,0.0017891118259285577,,0.016615951986750588,,
cow,T2,2,P08,neutral_baseline,,,0.0015684340643929318,,
crab,T4,4,P01,appearance_state,0.0018676051258808002,0.002369388414081186,,-0.0005017832882003859,0.4407854447233856
crab,T4,4,P02,researcher_observation,9.700437052136597e-05,0.00024520445003872737,0.011387767270207405,-0.00014820007951736142,0.2834653473164841
crab,T4,4,P03,moral_framing,0.0013777043932350352,,0.004841921695818503,,
crab,T4,4,P04,care_intervention,0.028481903485953808,,0.03164802771061659,,
crab,T4,4,P05,emotional_attribution,0.005249654738387714,0.0067927036434412,0.004241123941028491,-0.0015430489050534861,0.43593244183098184
crab,T4,4,P06,policy_framing,0.0032362587905178466,,0.005850640562130138,,
crab,T4,4,P07,consciousness_probe,0.0003628913400461897,,0.019104206779350836,,
crab,T4,4,P08,neutral_baseline,,,0.004978744141408242,,
crayfish,T4,4,P01,appearance_state,0.0013639473399962299,0.0017292734555667266,,-0.00036532611557049677,0.4409472798896232
crayfish,T4,4,P02,researcher_observation,0.00013472248489658037,0.0001395332656102255,0.009383434429764748,-4.8107807136451295e-06,0.4912292104165601
crayfish,T4,4,P03,moral_framing,0.0015853169024921954,,0.005356053821742535,,
crayfish,T4,4,P04,care_intervention,0.03393120691180229,,0.038143548648804426,,
crayfish,T4,4,P05,emotional_attribution,0.004539173814312865,0.019217941910028458,0.0029749097593594342,-0.014678768095715593,0.19106586202951745
crayfish,T4,4,P06,policy_framing,0.0034429783991072327,,0.011125207878649235,,
crayfish,T4,4,P07,consciousness_probe,0.00012196850002510473,,0.008255416139339408,,
crayfish,T4,4,P08,neutral_baseline,,,0.0032004372420487925,,
crow,T3,3,P01,appearance_state,0.0013962223747512326,0.0011813709134003147,,0.00021485146135091782,0.5416767365905203
crow,T3,3,P02,researcher_observation,0.00010384116467321292,0.0016302495496347547,0.005873024638276547,-0.0015264083849615417,0.059882195220930995
crow,T3,3,P03,moral_framing,0.0009483164952447017,,0.0010875555647847552,,
crow,T3,3,P04,care_intervention,0.01593157835304737,,0.007868457119911909,,
crow,T3,3,P05,emotional_attribution,0.004026456381931591,0.003994209226220846,0.003026236197911203,3.224715571074465e-05,0.5020102480818996
crow,T3,3,P06,policy_framing,0.009254810264489302,,0.008841984817991033,,
crow,T3,3,P07,consciousness_probe,0.0016693112193024717,,0.011645967577351257,,
crow,T3,3,P08,neutral_baseline,,,0.002843374869553372,,
dog,T2,2,P01,appearance_state,0.006490774394478649,0.004469688341487199,,0.00202108605299145,0.5921989328023368
dog,T2,2,P02,researcher_observation,0.0009655636871078362,0.0012365311267785728,0.021701832301914692,-0.00027096743967073655,0.4384750543761725
dog,T2,2,P03,moral_framing,0.003171799510406951,,0.0020776001814131937,,
dog,T2,2,P04,care_intervention,0.024023273261263967,,0.00846130307763815,,
dog,T2,2,P05,emotional_attribution,0.0041312551669155555,0.019180621951818466,0.0014026100980117917,-0.015049366784902912,0.17721675213678514
dog,T2,2,P06,policy_framing,0.020072472902635734,,0.0023925910936668515,,
dog,T2,2,P07,consciousness_probe,0.003775913628487615,,0.0282541696227175,,
dog,T2,2,P08,neutral_baseline,,,0.002169627559487708,,
dolphin,T2,2,P01,appearance_state,0.0036212831910233945,0.002390178939094767,,0.0012311042519286275,0.6023963974821838
dolphin,T2,2,P02,researcher_observation,0.0004078530691913329,0.0003741382388398051,0.01958873914554715,3.371483035152778e-05,0.5215569698114798
dolphin,T2,2,P03,moral_framing,0.00442930629166464,,0.003749645664356649,,
dolphin,T2,2,P04,care_intervention,0.031116699334234,,0.0156713523901999,,
dolphin,T2,2,P05,emotional_attribution,0.003376129927346483,0.007474152836948633,0.0024086894700303674,-0.00409802290960215,0.31115593663058033
dolphin,T2,2,P06,policy_framing,0.0149605330467845,,0.0032375698210671544,,
dolphin,T2,2,P07,consciousness_probe,0.0028168144235678483,,0.014634834470295269,,
dolphin,T2,2,P08,neutral_baseline,,,0.0018562736026069616,,
earthworm,T5,5,P01,appearance_state,0.0014057088264962658,0.001120558983529918,,0.00028514984296634793,0.5564369562378269
earthworm,T5,5,P02,researcher_observation,7.288545505919804e-05,0.00028625006234506145,0.009148688288405538,-0.00021336460728586343,0.2029468855971332
earthworm,T5,5,P03,moral_framing,0.0007124497302963088,,0.01084759815906485,,
earthworm,T5,5,P04,care_intervention,0.024713280610740185,,0.04572151601314545,,
earthworm,T5,5,P05,emotional_attribution,0.00509880483635546,0.0026284484192728996,0.008200819720514119,0.0024703564170825603,0.6598469859463847
earthworm,T5,5,P06,policy_framing,0.005404925982778271,,0.007907421531854197,,
earthworm,T5,5,P07,consciousness_probe,0.0004918591876048595,,0.015020299644675106,,
earthworm,T5,5,P08,neutral_baseline,,,0.00459003756986931,,
elderly person,T1,1,P01,appearance_state,0.00652092817472294,0.003349559789057821,,0.0031713683856651187,0.6606490107263434
elderly person,T1,1,P02,researcher_observation,0.0016901491714331012,0.005533853443921544,0.0030365980928763747,-0.0038437042724884423,0.23396297565623594
elderly person,T1,1,P03,moral_framing,0.003526460340556999,,0.0017003512475639582,,
elderly person,T1,1,P04,care_intervention,0.03555595502257347,,0.00497229557367973,,
elderly person,T1,1,P05,emotional_attribution,0.004182343798068662,0.008592328988015652,0.0009318545489804819,-0.0044099851899469895,0.327393416282664
elderly person,T1,1,P06,policy_framing,0.006976283427017431,,0.0009837057982622355,,
elderly person,T1,1,P07,consciousness_probe,0.008127374756440986,,0.002516045412297293,,
elderly person,T1,1,P08,neutral_baseline,,,0.006521178758703172,,
elephant,T2,2,P01,appearance_state,0.0027260370552539825,0.0033180288737639785,,-0.0005919918185099959,0.45102701429238173
elephant,T2,2,P02,researcher_observation,0.0004884724718673775,0.0006678468998870812,0.0155339315533638,-0.0001793744280197037,0.42243729678462366
elephant,T2,2,P03,moral_framing,0.0023135491840851805,,0.008516815529825786,,
elephant,T2,2,P04,care_intervention,0.03138427436351776,,0.030095703899860382,,
elephant,T2,2,P05,emotional_attribution,0.0055260809410053,0.009754625149071217,0.004210171988233924,-0.004228544208065917,0.361637798166292
elephant,T2,2,P06,policy_framing,0.011916970640110472,,0.007023099111393094,,
elephant,T2,2,P07,consciousness_probe,0.0022253580355027225,,0.014365132423942365,,
elephant,T2,2,P08,neutral_baseline,,,0.0024899966607335954,,
fly,T5,5,P01,appearance_state,0.0011821671650977805,0.0022933292493689805,,-0.0011111620842712,0.3401433896356988
fly,T5,5,P02,researcher_observation,8.295685135332558e-05,0.00037997586332494393,0.012438144069164991,-0.00029701901197161834,0.17919846838029657
fly,T5,5,P03,moral_framing,0.0010230195766780525,,0.002351898195532461,,
fly,T5,5,P04,care_intervention,0.0055275047197937965,,0.03142547118477523,,
fly,T5,5,P05,emotional_attribution,0.002709951727107788,0.00508200703188777,0.004839727189391851,-0.0023720553047799817,0.34778824890473325
fly,T5,5,P06,policy_framing,0.007281266696130236,,0.0059373273979872465,,
fly,T5,5,P07,consciousness_probe,0.0009577351593179628,,0.012954912769297758,,
fly,T5,5,P08,neutral_baseline,,,0.0032431242405436935,,
frog,T3,3,P01,appearance_state,0.002464028395479545,0.0012463663442758843,,0.0012176620512036607,0.6640879210693279
frog,T3,3,P02,researcher_observation,0.00014922050589423938,0.00023298615633393638,0.012854269705712795,-8.3765650439697e-05,0.3904182778565163
frog,T3,3,P03,moral_framing,0.0016041879813807707,,0.004957256450628241,,
frog,T3,3,P04,care_intervention,0.030949569307267666,,0.04171230271458626,,
frog,T3,3,P05,emotional_attribution,0.004818218187817062,0.005408078897744417,0.00340410991339013,-0.000589860709927355,0.47115960942538515
frog,T3,3,P06,policy_framing,0.0034740371629595757,,0.002318454469786957,,
frog,T3,3,P07,consciousness_probe,0.0012164372310508043,,0.01362808863632381,,
frog,T3,3,P08,neutral_baseline,,,0.00513116720248945,,
gecko,T3,3,P01,appearance_state,0.00223150200326927,0.0020062531111761928,,0.0002252488920930773,0.5265764279311439
gecko,T3,3,P02,researcher_observation,0.00010569862691530336,0.00010009295328927692,0.006885938812047243,5.605673626026445e-06,0.5136195341338724
gecko,T3,3,P03,moral_framing,0.001984408101028142,,0.006704178949197133,,
gecko,T3,3,P04,care_intervention,0.013361320830881596,,0.03163502179086208,,
gecko,T3,3,P05,emotional_attribution,0.0038674213962318995,0.010858836583793163,0.004019250685814768,-0.006991415187561264,0.2626207808674583
gecko,T3,3,P06,policy_framing,0.00479177824066331,,0.013186559139285237,,
gecko,T3,3,P07,consciousness_probe,0.00031779357414052356,,0.004596331952294956,,
gecko,T3,3,P08,neutral_baseline,,,0.002462262290646322,,
horse,T2,2,P01,appearance_state,0.0032726855424698442,0.004240642621880397,,-0.000967957079410553,0.4355839951780503
horse,T2,2,P02,researcher_observation,0.000702765469516938,0.0014120087726041675,0.013923944905400276,-0.0007092433030872295,0.3323122734750359
horse,T2,2,P03,moral_framing,0.0029169369178513684,,0.0032376944242666164,,
horse,T2,2,P04,care_intervention,0.041717967949807644,,0.00851856148801744,,
horse,T2,2,P05,emotional_attribution,0.005561846531539534,0.00596846966072917,0.006743901176378131,-0.0004066231291896356,0.4823672127076738
horse,T2,2,P06,policy_framing,0.007566513027995825,,0.0020033513428643346,,
horse,T2,2,P07,consciousness_probe,0.0039584330734214745,,0.014773054751761569,,
horse,T2,2,P08,neutral_baseline,,,0.002151185745606199,,
infant,T1,1,P01,appearance_state,0.00714126549064531,0.01315858744783327,,-0.00601732195718796,0.3517890241426363
infant,T1,1,P02,researcher_observation,0.0014267391670728102,0.00133860859205015,0.007137417560443282,8.81305750226602e-05,0.5159347900358928
infant,T1,1,P03,moral_framing,0.004949520730103056,,0.004372210009023547,,
infant,T1,1,P04,care_intervention,0.034904435742646456,,0.004731316672405228,,
infant,T1,1,P05,emotional_attribution,0.005650698867005606,0.012580222450196743,0.0013965920952614397,-0.006929523583191137,0.3099513588859922
infant,T1,1,P06,policy_framing,0.01642337099959453,,0.0004518426619597449,,
infant,T1,1,P07,consciousness_probe,0.0018870953463192564,,0.03701709123924957,,
infant,T1,1,P08,neutral_baseline,,,0.002892070246161893,,
lobster,T4,4,P01,appearance_state,0.001776056036760565,0.0027798262308351696,,-0.0010037701940746047,0.38983799261214
lobster,T4,4,P02,researcher_observation,0.0001398244397326683,0.0003303274934296496,0.007913412991911173,-0.0001905030536969813,0.29740260568945476
lobster,T4,4,P03,moral_framing,0.0015639381599612534,,0.004448188468813896,,
lobster,T4,4,P04,care_intervention,0.031585872173309326,,0.02769321110099554,,
lobster,T4,4,P05,emotional_attribution,0.003828794026048854,0.011368119157850742,0.0033373991027474403,-0.007539325131801888,0.25194550725674525
lobster,T4,4,P06,policy_framing,0.0031425878405570984,,0.007257076562382281,,
lobster,T4,4,P07,consciousness_probe,0.000663187380268937,,0.020358158508315682,,
lobster,T4,4,P08,neutral_baseline,,,0.004216232465114445,,
mantis shrimp,T4,4,P01,appearance_state,0.001280962704186095,0.001164677829365246,,0.00011628487482084893,0.5237738883680532
mantis shrimp,T4,4,P02,researcher_observation,5.0296493403341934e-05,9.047324238053989e-05,0.004614220233634114,-4.017674897719795e-05,0.35729595849326756
mantis shrimp,T4,4,P03,moral_framing,0.0013275848080714543,,0.006990067893639207,,
mantis shrimp,T4,4,P04,care_intervention,0.011869444511830807,,0.030595602933317423,,
mantis shrimp,T4,4,P05,emotional_attribution,0.0018241603393107653,0.011537933722138405,0.004323963250499219,-0.00971377338282764,0.1365175486170147
mantis shrimp,T4,4,P06,policy_framing,0.005168790094709645,,0.014555096917320043,,
mantis shrimp,T4,4,P07,consciousness_probe,0.00017576172103872523,,0.003106800839304924,,
mantis shrimp,T4,4,P08,neutral_baseline,,,0.002374539207085036,,
mite,T5,5,P01,appearance_state,0.0015117235452635214,0.002882107102777809,,-0.0013703835575142875,0.34405593477568824
mite,T5,5,P02,researcher_observation,5.638501291590122e-05,0.0007481112916138954,0.006194869638420641,-0.0006917262786979942,0.07008733985437327
mite,T5,5,P03,moral_framing,0.00029174926263901096,,0.0026764475017747222,,
mite,T5,5,P04,care_intervention,0.004104303894564509,,0.04275027196854353,,
mite,T5,5,P05,emotional_attribution,0.004765415835815172,0.012868558056652546,0.003745398862520233,-0.008103142220837373,0.27024060701522523
mite,T5,5,P06,policy_framing,0.014597632999842366,,0.01171934069134295,,
mite,T5,5,P07,consciousness_probe,5.892540139029734e-05,,0.00989119532944945,,
mite,T5,5,P08,neutral_baseline,,,0.002542508125770837,,
moss,T6,6,P01,appearance_state,0.0003101181246165652,0.0017776260756363627,,-0.0014675079510197975,0.148542196752253
moss,T6,6,P02,researcher_observation,1.7801207832235377e-05,0.0004171516525275365,0.0019254325306974351,-0.0003993504446953011,0.04092674255512846
moss,T6,6,P03,moral_framing,0.00024129893427016214,,0.013140590997257581,,
moss,T6,6,P04,care_intervention,0.013473575003445148,,0.007531268522143364,,
moss,T6,6,P05,emotional_attribution,0.0012755387385065358,0.0006427129846997559,0.009488385505392216,0.0006328257538067799,0.6649485344288723
moss,T6,6,P06,policy_framing,0.0041430390847381204,,0.003428441399591975,,
moss,T6,6,P07,consciousness_probe,9.724095070851035e-05,,0.008410255812729398,,
moss,T6,6,P08,neutral_baseline,,,0.003705081959196832,,
moth,T5,5,P01,appearance_state,0.0009647142978792544,0.0016438303027825896,,-0.0006791160049033351,0.36982854755545713
moth,T5,5,P02,researcher_observation,4.457723783464947e-05,0.000113766595859488,0.006219709059223533,-6.918935802483853e-05,0.28152160171008744
moth,T5,5,P03,moral_framing,0.0004382051629363559,,0.0021710756700485945,,
moth,T5,5,P04,care_intervention,0.006476940819993615,,0.043413232546299696,,
moth,T5,5,P05,emotional_attribution,0.005274745208832125,0.00438404455780983,0.005049107479862869,0.0008907006510222954,0.54610828909833
moth,T5,5,P06,policy_framing,0.006193701915132503,,0.008148394786985591,,
moth,T5,5,P07,consciousness_probe,0.00012612535465450492,,0.00702745847714444,,
moth,T5,5,P08,neutral_baseline,,,0.0008995624717499595,,
mushroom,T6,6,P01,appearance_state,0.0003371729799255263,0.0017993946894421242,,-0.001462221709516598,0.1578105711223556
mushroom,T6,6,P02,researcher_observation,1.925526430568425e-05,0.0007135780192584207,0.00016946221876423806,-0.0006943227549527364,0.026275091634113425
mushroom,T6,6,P03,moral_framing,6.63171037255476e-05,,0.0024868572193857594,,
mushroom,T6,6,P04,care_intervention,0.007626150501891971,,0.00333908706670627,,
mushroom,T6,6,P05,emotional_attribution,0.0017020308077917434,0.0024901682045310736,0.0054530713823623955,-0.0007881373967393301,0.4059995153352058
mushroom,T6,6,P06,policy_framing,0.0015197297955940787,,0.004436106974026188,,
mushroom,T6,6,P07,consciousness_probe,2.879161274904618e-05,,0.03908783352623383,,
mushroom,T6,6,P08,neutral_baseline,,,0.0017674636765150353,,
mussel,T4,4,P01,appearance_state,0.0025266457960242406,0.003957445806008764,,-0.001430800009984523,0.3896684242192385
mussel,T4,4,P02,researcher_observation,5.006267444211213e-05,0.0003099616660620086,0.0045419937232509255,-0.00025989899161989644,0.1390535441760908
mussel,T4,4,P03,moral_framing,0.0006955471762921661,,0.004122794935634981,,
mussel,T4,4,P04,care_intervention,0.04218350723385811,,0.028516979422420263,,
mussel,T4,4,P05,emotional_attribution,0.00409196571369345,0.006690341513603926,0.003956594649935141,-0.0025983757999104755,0.3795074272585324
mussel,T4,4,P06,policy_framing,0.006416922842618078,,0.0032997575035551563,,
mussel,T4,4,P07,consciousness_probe,0.00012780146425939165,,0.012532467565809688,,
mussel,T4,4,P08,neutral_baseline,,,0.002850041157216765,,
nematode,T5,5,P01,appearance_state,0.0005222843294632185,0.0010486377286724746,,-0.0005263533992092562,0.3324698978611673
nematode,T5,5,P02,researcher_observation,5.689165209332714e-05,0.00039453093268093653,0.0062831249088048935,-0.0003376392805876094,0.1260274550043406
nematode,T5,5,P03,moral_framing,0.0006478956978147229,,0.005437515831242005,,
nematode,T5,5,P04,care_intervention,0.010067136026918888,,0.03375651501119137,,
nematode,T5,5,P05,emotional_attribution,0.003815090652400007,0.01059145200997591,0.004446852544788271,-0.006776361357575903,0.26481652922056265
nematode,T5,5,P06,policy_framing,0.006687966136572261,,0.010063895519124344,,
nematode,T5,5,P07,consciousness_probe,0.00013175071217119694,,0.008248667698353529,,
nematode,T5,5,P08,neutral_baseline,,,0.0024079776514554395,,
oak tree,T6,6,P01,appearance_state,0.0005847036827617558,0.0009607255124137737,,-0.0003760218296520179,0.3783438586204264
oak tree,T6,6,P02,researcher_observation,5.443184757799221e-05,0.0008886057314612117,0.00043397711124271154,-0.0008341738838832194,0.057719695392711205
oak tree,T6,6,P03,moral_framing,0.00036688340090525645,,0.014089862398880845,,
oak tree,T6,6,P04,care_intervention,0.03725745901465416,,0.006165767554193735,,
oak tree,T6,6,P05,emotional_attribution,0.0010953654746117536,0.000330150593072176,0.0067281405499670655,0.0007652148815395776,0.7683991942311116
oak tree,T6,6,P06,policy_framing,0.0020988050043039643,,0.0018229085835628211,,
oak tree,T6,6,P07,consciousness_probe,0.00010632427438395098,,0.004830183199374005,,
oak tree,T6,6,P08,neutral_baseline,,,0.0022654475978924893,,
octopus,T4,4,P01,appearance_state,0.001671913603786379,0.002088533074129373,,-0.00041661947034299374,0.4446050436360773
octopus,T4,4,P02,researcher_observation,0.0001026214740704745,0.00014278709204518236,0.007895620306953788,-4.016561797470786e-05,0.4181656487310468
octopus,T4,4,P03,moral_framing,0.0021635300411920375,,0.006585770985111594,,
octopus,T4,4,P04,care_intervention,0.018026582896709442,,0.05154208932071924,,
octopus,T4,4,P05,emotional_attribution,0.00353042048906597,0.010738867335021496,0.0033958231506403536,-0.007208446845955526,0.24741392197338702
octopus,T4,4,P06,policy_framing,0.004374494931350152,,0.013214073027484119,,
octopus,T4,4,P07,consciousness_probe,0.0012795857182936743,,0.006600607070140541,,
octopus,T4,4,P08,neutral_baseline,,,0.004468356870347634,,
patient,T1,1,P01,appearance_state,0.005827108893640798,0.0027692821458913386,,0.003057826747749459,0.6778552533334287
patient,T1,1,P02,researcher_observation,0.004719824006315321,0.0024188846837205347,0.0012293186591705307,0.002300939322594786,0.661159341995181
patient,T1,1,P03,moral_framing,0.0038560302928090096,,0.0013261106990588207,,
patient,T1,1,P04,care_intervention,0.022353483363986015,,0.005535037809750065,,
patient,T1,1,P05,emotional_attribution,0.004609406877231474,0.004068135749548674,0.0003922970063285902,0.0005412711276828004,0.5311880358717428
patient,T1,1,P06,policy_framing,0.01054707340275248,,5.612296848767073e-05,,
patient,T1,1,P07,consciousness_probe,0.008505650057486491,,0.013456731003619401,,
patient,T1,1,P08,neutral_baseline,,,0.0012355611179373227,,
pig,T2,2,P01,appearance_state,0.003530895250150934,0.003476658253930509,,5.423699622042477e-05,0.5038698880725533
pig,T2,2,P02,researcher_observation,0.0004480521214039375,0.0022521454375237226,0.014508814318105578,-0.0018040933161197852,0.16593308268472248
pig,T2,2,P03,moral_framing,0.002070374369698887,,0.0029616078051428,,
pig,T2,2,P04,care_intervention,0.04499953705817461,,0.016912829130887985,,
pig,T2,2,P05,emotional_attribution,0.007153467236397167,0.019425543025135994,0.0013148293364793062,-0.012272075788738828,0.26913971359709166
pig,T2,2,P06,policy_framing,0.008060710659871498,,0.004356665187515318,,
pig,T2,2,P07,consciousness_probe,0.0013317634802660905,,0.009354269927522788,,
pig,T2,2,P08,neutral_baseline,,,0.00205562079208903,,
pigeon,T3,3,P01,appearance_state,0.0034014268894679844,0.0019792526436503977,,0.0014221742458175868,0.6321556237119217
pigeon,T3,3,P02,researcher_observation,0.00034271878636597347,0.0008920925756683573,0.011372741544619203,-0.0005493737893023838,0.27754746121432183
pigeon,T3,3,P03,moral_framing,0.001795651556070273,,0.002014236156052599,,
pigeon,T3,3,P04,care_intervention,0.03394853603094816,,0.015104095917195082,,
pigeon,T3,3,P05,emotional_attribution,0.004918167037734141,0.007434285245835781,0.0018051275401376188,-0.0025161182081016404,0.39815308612529665
pigeon,T3,3,P06,policy_framing,0.00476238876581192,,0.009699177229776978,,
pigeon,T3,3,P07,consciousness_probe,0.0017159473354695365,,0.0174626261771967,,
pigeon,T3,3,P08,neutral_baseline,,,0.00252790751401335,,
prisoner,T1,1,P01,appearance_state,0.007694815900322283,0.003181626023433637,,0.004513189876888646,0.7074754670245612
prisoner,T1,1,P02,researcher_observation,0.000509025432014217,0.001407137286150828,0.005542001686990261,-0.000898111854136611,0.26564831922877497
prisoner,T1,1,P03,moral_framing,0.0014352495005975168,,0.0010838735130770754,,
prisoner,T1,1,P04,care_intervention,0.021046269685029984,,0.022019372321665287,,
prisoner,T1,1,P05,emotional_attribution,0.007344405981712043,0.005202184896916151,0.0008986601460492238,0.0021422210847958922,0.5853706392614911
prisoner,T1,1,P06,policy_framing,0.0034921702463179827,,4.0679991172964947e-05,,
prisoner,T1,1,P07,consciousness_probe,0.011420795835874742,,0.05330784774681282,,
prisoner,T1,1,P08,neutral_baseline,,,0.002457997523015365,,
rabbit,T2,2,P01,appearance_state,0.002461326541379094,0.0026910421875072643,,-0.0002297156461281702,0.47770775406835336
rabbit,T2,2,P02,researcher_observation,0.0006330011140865585,0.0009654962050262839,0.011902454774826765,-0.0003324950909397254,0.3959975828036499
rabbit,T2,2,P03,moral_framing,0.0019817289721686393,,0.004193794913589954,,
rabbit,T2,2,P04,care_intervention,0.04163871333003044,,0.02323234686627984,,
rabbit,T2,2,P05,emotional_attribution,0.0056958267038377626,0.00839251559227705,0.0026570236950647086,-0.0026966888884392875,0.40429360273132764
rabbit,T2,2,P06,policy_framing,0.007402907203262051,,0.01295200060121715,,
rabbit,T2,2,P07,consciousness_probe,0.0014354999220813625,,0.01684697258557814,,
rabbit,T2,2,P08,neutral_baseline,,,0.003550932079087943,,
rat,T2,2,P01,appearance_state,0.0031099980624276213,0.004482372663915157,,-0.001372374601487536,0.40962146522625764
rat,T2,2,P02,researcher_observation,0.001105585116116951,0.0011069133615819737,0.012872661696746945,-1.32824546502275e-06,0.49969980874148073
rat,T2,2,P03,moral_framing,0.002855924617809554,,0.004546808001274864,,
rat,T2,2,P04,care_intervention,0.022864248603582382,,0.015941749792546034,,
rat,T2,2,P05,emotional_attribution,0.005463408112215499,0.012231452390551567,0.0026066810241900384,-0.006768044278336068,0.3087567760415783
rat,T2,2,P06,policy_framing,0.007455236899356048,,0.004642728672479279,,
rat,T2,2,P07,consciousness_probe,0.005199250277655665,,0.006681828679575119,,
rat,T2,2,P08,neutral_baseline,,,0.004972092993557453,,
refugee,T1,1,P01,appearance_state,0.004982932630809955,0.004245516785886139,,0.0007374158449238166,0.5399533932319663
refugee,T1,1,P02,researcher_observation,0.000681417741967986,0.0026455818442627788,0.0022032005654182285,-0.001964164102294793,0.20481448939960076
refugee,T1,1,P03,moral_framing,0.0009418309200555086,,0.0013192500919103622,,
refugee,T1,1,P04,care_intervention,0.013209500582888722,,0.0034510473487898707,,
refugee,T1,1,P05,emotional_attribution,0.0052616257647362845,0.005384008400142193,0.001276296767173335,-0.00012238263540590832,0.4942519753938163
refugee,T1,1,P06,policy_framing,0.004367924004327506,,8.716266086139512e-05,,
refugee,T1,1,P07,consciousness_probe,0.0006341242315102136,,0.017924319825397106,,
refugee,T1,1,P08,neutral_baseline,,,0.0009575962205417455,,
river,T6,6,P01,appearance_state,5.4398951988332556e-05,0.006050571158993989,,-0.005996172207005657,0.008910600725040962
river,T6,6,P02,researcher_observation,1.759794289076429e-05,0.0013690383748325985,0.0011139489070046693,-0.0013514404319418343,0.01269110104554828
river,T6,6,P03,moral_framing,0.0003766740022304778,,0.0019940431739087217,,
river,T6,6,P04,care_intervention,0.002774177643004805,,0.003637702262494713,,
river,T6,6,P05,emotional_attribution,0.00018880943692541527,6.447463238146156e-05,0.013084929436445236,0.0001243348045439537,0.7454450763429097
river,T6,6,P06,policy_framing,0.00154794556935182,,0.00016442885316791944,,
river,T6,6,P07,consciousness_probe,5.871778057553456e-06,,0.0022753864347275035,,
river,T6,6,P08,neutral_baseline,,,0.0002876255373848835,,
rock,T6,6,P01,appearance_state,7.392925044769072e-05,0.0010947082319034962,,-0.0010207789814558055,0.06326105848739876
rock,T6,6,P02,researcher_observation,2.0194263925077394e-05,3.83147846605425e-05,0.00047007786633912474,-1.8120520735465107e-05,0.3451471165321426
rock,T6,6,P03,moral_framing,0.00026064616880224395,,0.004244001817520863,,
rock,T6,6,P04,care_intervention,0.0019263465073890984,,0.025076434132643044,,
rock,T6,6,P05,emotional_attribution,0.0005172061258538937,5.272628550301306e-05,0.032296662335284054,0.00046447984035088063,0.9074866156038702
rock,T6,6,P06,policy_framing,0.001948643980237345,,0.0007476445753127337,,
rock,T6,6,P07,consciousness_probe,1.0794622539833654e-05,,0.0013343751519035625,,
rock,T6,6,P08,neutral_baseline,,,0.0011211464392545168,,
salmon,T3,3,P01,appearance_state,0.0011948774772463366,0.003597752336645499,,-0.0024028748593991622,0.24931561558360374
salmon,T3,3,P02,researcher_observation,9.728014265419915e-05,0.0012003137380816042,0.009815755765885115,-0.001103033595427405,0.07496963156305353
salmon,T3,3,P03,moral_framing,0.000793629813415464,,0.004437405577239891,,
salmon,T3,3,P04,care_intervention,0.04871550016105175,,0.04764893092215061,,
salmon,T3,3,P05,emotional_attribution,0.0024152144469553605,0.004489119164645672,0.006700927333440632,-0.0020739047176903114,0.34981137179061716
salmon,T3,3,P06,policy_framing,0.004104041572039326,,0.003985957184340805,,
salmon,T3,3,P07,consciousness_probe,0.00010779635340441018,,0.00841907262414073,,
salmon,T3,3,P08,neutral_baseline,,,0.0019119245975161903,,
seaweed,T6,6,P01,appearance_state,0.0003717774907272542,0.0023138692195061594,,-0.0019420917287789052,0.13843126702685915
seaweed,T6,6,P02,researcher_observation,1.4421536889130948e-05,0.001394253678881796,0.00032649670174578205,-0.0013798321419926651,0.010237658548903059
seaweed,T6,6,P03,moral_framing,8.67398630362004e-05,,0.002328251711636161,,
seaweed,T6,6,P04,care_intervention,0.005940890870988369,,0.0073230082634836435,,
seaweed,T6,6,P05,emotional_attribution,0.000991172986687161,0.000623517669737339,0.010886920208577067,0.000367655316949822,0.6138469442173378
seaweed,T6,6,P06,policy_framing,0.003233877990472441,,0.0033396289800293744,,
seaweed,T6,6,P07,consciousness_probe,7.15094411134487e-05,,0.01738257287070155,,
seaweed,T6,6,P08,neutral_baseline,,,0.0024512375093763694,,
shrimp,T4,4,P01,appearance_state,0.0010604665221762843,0.0034927305532619357,,-0.0024322640310856514,0.23290590794022015
shrimp,T4,4,P02,researcher_observation,9.44474838130797e-05,0.0008227987273130566,0.00978305097669363,-0.0007283512434999769,0.10296850765976168
shrimp,T4,4,P03,moral_framing,0.0004408430225642708,,0.004473767165715496,,
shrimp,T4,4,P04,care_intervention,0.038926031440496445,,0.030772704631090164,,
shrimp,T4,4,P05,emotional_attribution,0.003031323072112476,0.007731587626039982,0.0063405861728824675,-0.004700264553927505,0.28164528434378805
shrimp,T4,4,P06,policy_framing,0.003731829119108928,,0.005259599827695638,,
shrimp,T4,4,P07,consciousness_probe,0.00014489376917481422,,0.013777549533794323,,
shrimp,T4,4,P08,neutral_baseline,,,0.006085359962889924,,
snake,T3,3,P01,appearance_state,0.0010494349407963455,0.001740667546982877,,-0.0006912326061865315,0.37612772569471775
snake,T3,3,P02,researcher_observation,8.911462706843547e-05,0.00015179308957158355,0.02023228630423546,-6.267846250314808e-05,0.3699117293549534
snake,T3,3,P03,moral_framing,0.000775015464265986,,0.004826194082852453,,
snake,T3,3,P04,care_intervention,0.005011671455577016,,0.05967541038990021,,
snake,T3,3,P05,emotional_attribution,0.0042148610421766835,0.004179938696324825,0.007772103330353275,3.492234585185817e-05,0.5020799927647883
snake,T3,3,P06,policy_framing,0.008874923378850022,,0.011422806419432163,,
snake,T3,3,P07,consciousness_probe,0.00027395954657549737,,0.013780189639267823,,
snake,T3,3,P08,neutral_baseline,,,0.003800635528750718,,
soldier,T1,1,P01,appearance_state,0.00256765574158635,0.002141378601663746,,0.00042627713992260396,0.5452616183911786
soldier,T1,1,P02,researcher_observation,0.0005099079377638797,0.0011302020102448296,0.004272643011063337,-0.0006202940724809499,0.31089861218944986
soldier,T1,1,P03,moral_framing,0.0015836372428263228,,0.0016499074990861118,,
soldier,T1,1,P04,care_intervention,0.02008417807519436,,0.00508597306907177,,
soldier,T1,1,P05,emotional_attribution,0.004335204702025901,0.004705815576016903,0.0017486325523350388,-0.00037061087399100235,0.4795039188888969
soldier,T1,1,P06,policy_framing,0.005766194934646289,,8.072538844317023e-05,,
soldier,T1,1,P07,consciousness_probe,0.004689804995905433,,0.08363252061781168,,
soldier,T1,1,P08,neutral_baseline,,,0.0021344665059586988,,
squid,T4,4,P01,appearance_state,0.0013544871180783957,0.002011000702623278,,-0.0006565135845448822,0.4024638180237466
squid,T4,4,P02,researcher_observation,7.35802326137976e-05,0.00011861171697091777,0.0068824992049485445,-4.503148435712016e-05,0.3828474318931936
squid,T4,4,P03,moral_framing,0.0012284516512105863,,0.006982951890677214,,
squid,T4,4,P04,care_intervention,0.02040712907910347,,0.0351287592202425,,
squid,T4,4,P05,emotional_attribution,0.0027698902413249016,0.005638032220304012,0.005848352040629834,-0.0028681419789791107,0.32943812469988726
squid,T4,4,P06,policy_framing,0.0061170372064225376,,0.0069780233898200095,,
squid,T4,4,P07,consciousness_probe,0.0009051872839336284,,0.02595087231990571,,
squid,T4,4,P08,neutral_baseline,,,0.0027685421984642742,,
statue,T6,6,P01,appearance_state,0.0004239531554048881,0.0012693050884990953,,-0.0008453519330942072,0.25037712463144873
statue,T6,6,P02,researcher_observation,6.081068689430443e-05,6.475912255154981e-05,0.00046384190500248224,-3.948435657245376e-06,0.4842775403969372
statue,T6,6,P03,moral_framing,0.00020232135526991138,,0.0034398770634046136,,
statue,T6,6,P04,care_intervention,0.006653086413280107,,0.01432225329335779,,
statue,T6,6,P05,emotional_attribution,0.0005320658880615762,0.00058224011445418,0.010869082005228847,-5.0174226392603826e-05,0.4774862911190535
statue,T6,6,P06,policy_framing,0.0005288571373966988,,2.366257785979542e-05,,
statue,T6,6,P07,consciousness_probe,6.176962597237434e-05,,0.0009212200942177636,,
statue,T6,6,P08,neutral_baseline,,,0.0009623341851693112,,
table,T6,6,P01,appearance_state,6.783407820876164e-05,0.0014894494743202813,,-0.0014216153961115197,0.04355923090735491
table,T6,6,P02,researcher_observation,2.7845028853334952e-05,0.00017294033295911504,0.00012379567124298774,-0.0001450953041057801,0.13868050307020974
table,T6,6,P03,moral_framing,0.0001892163563752547,,0.0016132537712110206,,
table,T6,6,P04,care_intervention,0.0033844322751974687,,0.016914655338041484,,
table,T6,6,P05,emotional_attribution,0.00022294906360305808,9.631427383283153e-05,0.01681459287647158,0.00012663478977022655,0.6983231947686708
table,T6,6,P06,policy_framing,0.000789717227841417,,0.00043423247097962303,,
table,T6,6,P07,consciousness_probe,3.478058624750702e-05,,0.0018230525699133675,,
table,T6,6,P08,neutral_baseline,,,0.007330625975737348,,
teenager,T1,1,P01,appearance_state,0.004394524126837496,0.003681533533381298,,0.0007129905934561975,0.544142235891889
teenager,T1,1,P02,researcher_observation,0.00046059135153579217,0.0009816239653446246,0.004022996407002211,-0.0005210326138088324,0.3193637692017424
teenager,T1,1,P03,moral_framing,0.0010565239936113358,,0.002083162272659441,,
teenager,T1,1,P04,care_intervention,0.01970667066052556,,0.0030346952844411135,,
teenager,T1,1,P05,emotional_attribution,0.0023762049386277795,0.010611018165946007,0.0007267993350978941,-0.008234813227318227,0.1829648186681613
teenager,T1,1,P06,policy_framing,0.00364673079457134,,0.00133583490833189,,
teenager,T1,1,P07,consciousness_probe,0.00296844933200191,,0.027308050873671164,,
teenager,T1,1,P08,neutral_baseline,,,0.0015369557731901295,,
trout,T3,3,P01,appearance_state,0.001270678121727542,0.0025005195930134505,,-0.0012298414712859085,0.33694284525745904
trout,T3,3,P02,researcher_observation,7.981443074337828e-05,0.0006742278637830168,0.012717310339212418,-0.0005944134330396386,0.10584873121558207
trout,T3,3,P03,moral_framing,0.0011888717223579686,,0.005117986700497568,,
trout,T3,3,P04,care_intervention,0.03387534897774458,,0.0375285129994154,,
trout,T3,3,P05,emotional_attribution,0.005191343099189301,0.01191947516053915,0.0035409252741374075,-0.006728132061349849,0.3033953718664621
trout,T3,3,P06,policy_framing,0.0036007463835024587,,0.00834340276196599,,
trout,T3,3,P07,consciousness_probe,0.00014831777480139863,,0.006434799133179088,,
trout,T3,3,P08,neutral_baseline,,,0.003087295421573799,,
tuna,T3,3,P01,appearance_state,0.0007532972340413835,0.0041786231158766896,,-0.003425325881835306,0.15273912904533912
tuna,T3,3,P02,researcher_observation,4.39768488528595e-05,0.0010499324052943848,0.0015175489825196564,-0.0010059555564415252,0.040201547492151754
tuna,T3,3,P03,moral_framing,0.00042565528807851177,,0.002315867219294887,,
tuna,T3,3,P04,care_intervention,0.017521506873890758,,0.016943702707067132,,
tuna,T3,3,P05,emotional_attribution,0.001647659417358227,0.0039032583590596914,0.0066528599709272385,-0.0022555989417014644,0.29682648060026495
tuna,T3,3,P06,policy_framing,0.0021499725383667587,,0.004301631590351462,,
tuna,T3,3,P07,consciousness_probe,0.00017128693434642628,,0.010496642673388124,,
tuna,T3,3,P08,neutral_baseline,,,0.0038192184758372603,,
whale,T2,2,P01,appearance_state,0.0022837824653834105,0.0016495668678544462,,0.0006342155975289643,0.5806202840980353
whale,T2,2,P02,researcher_observation,0.00027773042044524726,0.00036215889485902153,0.02170373033732176,-8.442847441377427e-05,0.43402877716485716
whale,T2,2,P03,moral_framing,0.002143806079402566,,0.003828145330771804,,
whale,T2,2,P04,care_intervention,0.04920731484889984,,0.014112375676631927,,
whale,T2,2,P05,emotional_attribution,0.002828903253733491,0.004091376904398203,0.005951625294983387,-0.0012624736506647118,0.40878449256580046
whale,T2,2,P06,policy_framing,0.009147721886013946,,0.0038193531800061464,,
whale,T2,2,P07,consciousness_probe,0.0007106472403393127,,0.027449255368992453,,
whale,T2,2,P08,neutral_baseline,,,0.0008144704836013262,,
woman,T1,1,P01,appearance_state,0.003571893845219165,0.0020271185785531998,,0.0015447752666659653,0.6379506797053175
woman,T1,1,P02,researcher_observation,0.0013687028646624337,0.0021576456201728433,0.0037219880614429712,-0.0007889427555104096,0.3881360086034627
woman,T1,1,P03,moral_framing,0.0020043287465038397,,0.0010496241156943142,,
woman,T1,1,P04,care_intervention,0.022593489848077297,,0.0035630635684356093,,
woman,T1,1,P05,emotional_attribution,0.00288128771353513,0.004030365496873856,0.001381449488690123,-0.0011490777833387256,0.416873877223543
woman,T1,1,P06,policy_framing,0.004882996649636577,,0.00038664249882458535,,
woman,T1,1,P07,consciousness_probe,0.00321205003592695,,0.03380953480882454,,
woman,T1,1,P08,neutral_baseline,,,0.002749426831724122,,
woodlouse,T5,5,P01,appearance_state,0.0016666154988342896,0.0013083565208944492,,0.0003582589779398404,0.560212140403606
woodlouse,T5,5,P02,researcher_observation,5.766802678408567e-05,0.00012820592201023828,0.008905596099793911,-7.053789522615261e-05,0.310253244915848
woodlouse,T5,5,P03,moral_framing,0.0013391031776942934,,0.003921550349332392,,
woodlouse,T5,5,P04,care_intervention,0.013976464048027992,,0.040116115007549524,,
woodlouse,T5,5,P05,emotional_attribution,0.006175183021696284,0.0065399170853197575,0.003790431859670207,-0.00036473406362347305,0.4856574404572047
woodlouse,T5,5,P06,policy_framing,0.0063861251110211015,,0.01250141707714647,,
woodlouse,T5,5,P07,consciousness_probe,8.611360681243241e-05,,0.005290682582805554,,
woodlouse,T5,5,P08,neutral_baseline,,,0.004590857960283756,,
worker,T1,1,P01,appearance_state,0.004132538451813161,0.0032247437920887023,,0.000907794659724459,0.5616936062319867
worker,T1,1,P02,researcher_observation,0.0006667067452023426,0.003453877587162424,0.002851479104720056,-0.0027871708419600814,0.16179907392887122
worker,T1,1,P03,moral_framing,0.0010334596736356616,,0.0010710637240360181,,
worker,T1,1,P04,care_intervention,0.011058354750275612,,0.003307853767182678,,
worker,T1,1,P05,emotional_attribution,0.004495273732269804,0.006535606924444437,0.0012798704265151173,-0.002040333192174633,0.407517208409096
worker,T1,1,P06,policy_framing,0.0025388578748485693,,6.480443141754222e-05,,
worker,T1,1,P07,consciousness_probe,0.0043266359134577215,,0.031050492397601676,,
worker,T1,1,P08,neutral_baseline,,,0.0024337014649063347,,
zebrafish,T3,3,P01,appearance_state,7.93582957783201e-05,0.0004447931564754981,,-0.000365434860697178,0.15140334019251586
zebrafish,T3,3,P02,researcher_observation,0.00012469780479780942,0.00015132671978790313,0.0020806679385714233,-2.6628914990093705e-05,0.451763334466877
zebrafish,T3,3,P03,moral_framing,0.003407078174253305,,0.0036067229618007937,,
zebrafish,T3,3,P04,care_intervention,0.042426345869898796,,0.00575834815390408,,
zebrafish,T3,3,P05,emotional_attribution,0.0013948392637151603,0.003388073993846774,0.0008064514477155171,-0.001993234730131614,0.2916296322846569
zebrafish,T3,3,P06,policy_framing,0.0073618939689671,,0.005076203589851502,,
zebrafish,T3,3,P07,consciousness_probe,6.557556844200008e-05,,0.0006482356523823304,,
zebrafish,T3,3,P08,neutral_baseline,,,0.0032378198113292454,,
